idx,SMILES,CasRN,Test,del,value
0,O=C(O)c1ccc(C(=O)O)cc1,100-21-0,train,FALSE,1.52
1,OCc1ccccc1,100-51-6,train,FALSE,4.18
2,CN(C)C(=O)Nc1ccccc1,101-42-8,train,FALSE,5.06
3,CCN(CCO)c1ccc(N=Nc2sc3cc(OC)ccc3[n+]2C)cc1,12270-13-2,CCN(CCO)c1ccc(N=Nc2sc3cc(OC)ccc3[n+]2C)cc1,TRUE,1.04
4,CCCCCCCCCCCCCCCC[n+]1ccccc1,123-03-5,train,FALSE,0.05
5,CCCCC(C=O)CC,123-05-7,train,FALSE,6.83
6,Nc1ccc(O)cc1,123-30-8,train,FALSE,3.42
7,CNC=O,123-39-7,train,FALSE,4.1
8,NC(=O)N=NC(N)=O,123-77-3,train,FALSE,0.52
9,CCCCOC(C)=O,123-86-4,train,FALSE,0.74
10,O=S(=O)([O-])[O-],12336-95-7,train,FALSE,4.58
11,O=[Mo](=O)([O-])[O-],12411-64-2,train,FALSE,5.1
12,O=C=Nc1ccc(Cc2ccc(N=C=O)cc2)cc1,101-68-8,O=C=Nc1ccc(Cc2ccc(N=C=O)cc2)cc1,TRUE,0.44
13,Fc1ccc(Oc2ccnc3cc(Cl)cc(Cl)c23)cc1,124495-18-7,train,FALSE,3.38
14,OCC(CO)(CO)COCC(CO)(CO)CO,126-58-9,train,FALSE,5.07
15,CC(C)COP(=O)(OCC(C)C)OCC(C)C,126-71-6,train,FALSE,5.14
16,CCCCOP(=O)(OCCCC)OCCCC,126-73-8,train,FALSE,4.24
17,[OH2-].[OH2-].[OH2-].[OH2-].[Ni++].[Ni++].[Ni++].[O-]C([O-])=O,12607-70-4,train,TRUE,1.17
18,CC(=O)N(C)C,127-19-5,train,FALSE,8.8
19,Cc1ccc(S(=O)(=O)[N-]Cl)cc1,127-65-1,train,FALSE,0.28
20,O=[N+]([O-])c1cccc(S(=O)(=O)[O-])c1,127-68-4,train,FALSE,5.1
21,O=C1OC(=O)c2ccc3c4ccc5c6c(ccc(c7ccc1c2c73)c64)C(=O)OC5=O,128-69-8,train,FALSE,5.2
22,O=P1([O-])OP(=O)([O-])OP(=O)([O-])OP(=O)([O-])OP(=O)([O-])OP(=O)([O-])O1,10124-56-8,O=P1([O-])OP(=O)([O-])OP(=O)([O-])OP(=O)([O-])OP(=O)([O-])OP(=O)([O-])O1,TRUE,3.69
23,CC(C)c1nn(C(=O)NC(C)(C)C)c(=O)n1N,129909-90-6,CC(C)c1nn(C(=O)NC(C)(C)C)c(=O)n1N,TRUE,2.24
24,O=C1C=CC(=O)c2ccccc21,130-15-4,O=C1C=CC(=O)c2ccccc21,TRUE,0.05
25,O=[Al][O-],1302-67-6,train,FALSE,3.5
26,O=[Ca],1305-78-8,train,FALSE,6.04
27,O=[Ce]=O,1306-38-3,train,FALSE,5.05
28,O=[Cr]O[Cr]=O,1308-38-9,train,FALSE,5.41
29,O=P([O-])([O-])O,13092-66-5,train,FALSE,2.6
30,O=P([O-])([O-])F,10163-15-2,train,FALSE,2.1
31,O=[Ge]=O,1310-53-8,train,FALSE,2.26
32,O=[Mo](=O)=O,1313-27-5,train,FALSE,5.1
33,O=[Nb](=O)O[Nb](=O)=O,1313-96-8,train,FALSE,5.45
34,O=[Ni],1313-99-1,train,FALSE,5.08
35,O=[W](=O)=O,1314-35-8,train,FALSE,5.36
36,O=[Sb](=O)O[Sb](=O)=O,1314-60-9,train,FALSE,5.4
37,O=[V](=O)O[V](=O)=O,1314-62-1,train,FALSE,7.69
38,S=[SnH2],1314-95-0,train,FALSE,5.03
39,O=C(CS)OCC(COC(=O)CS)(COC(=O)CS)COC(=O)CS,10193-99-4,train,FALSE,3.36
40,O=S(=O)(O)c1ccccc1N=C1C=CC(=C(c2ccc(Nc3ccccc3)cc2)c2ccc(Nc3ccccc3)cc2)C=C1,1324-76-1,train,FALSE,2.0
41,CC1=CCC(C(C)C)C=C1,1329-99-3,train,FALSE,4.95
42,O=C1C2CC=CCC2C(=O)N1SC(Cl)(Cl)Cl,133-06-2,train,FALSE,0.78
43,CCCCNCC,13360-63-9,train,FALSE,11.25
44,CCC(C)(OO)OOC(C)(CC)OO,1338-23-4,train,FALSE,1.5
45,CNC(C)C(O)c1ccccc1,134-71-4,train,FALSE,2.2
46,O=[Se](=O)([O-])[O-],13410-01-0,train,FALSE,1.0
47,O=[Mn],1344-43-0,train,FALSE,5.35
48,O=[Si]([O-])[O-],1344-95-2,train,FALSE,21.93
49,O=C=Nc1ccc(Cl)c(Cl)c1,102-36-3,train,FALSE,0.4
50,[Zn++](|[S-]c1cccc[n+]1[O-])|[S-]c2cccc[n+]2[O-],13463-41-7,train,TRUE,1.07
51,O=[W](=O)([O-])[O-],13472-45-2,train,FALSE,5.01
52,CCOC(=O)C1CCC(C)CC1=O,13537-82-1,train,FALSE,5.0
53,CCOC(=O)CC(NC1CCC(CC2CCC(NC(CC(=O)OCC)C(=O)OCC)C(C)C2)CC1C)C(=O)OCC,136210-32-7,train,FALSE,4.22
54,O=P(OC(CCl)CCl)(OC(CCl)CCl)OC(CCl)CCl,13674-87-8,train,FALSE,5.22
55,CCCCCCCCCCCC(=O)N(C)CC(=O)[O-],137-16-6,train,FALSE,0.05
56,CN(C)C(=S)[S-],137-30-4,train,FALSE,0.13
57,CNC(=S)[S-],137-42-8,train,FALSE,6.8
58,CCCN(CCC)CCC,102-69-2,train,FALSE,4.5
59,[O-][B][O-],13701-59-2,train,FALSE,12.62
60,O=[V](=O)[O-],13718-26-8,train,FALSE,4.26
61,O=[Se]([O-])[O-],13718-59-7,train,FALSE,1.0
62,O=[V](=O)[O-],13769-43-2,train,FALSE,2.97
63,C=CN1CCN(C=C)C1=O,13811-50-2,train,FALSE,5.3
64,O=[Si]([O-])O[Si](=O)[O-],13870-28-5,train,FALSE,3.51
65,CCCCN(CCCC)C(=S)[S-],13927-77-0,train,FALSE,0.42
66,CC(=O)OCC(COC(C)=O)OC(C)=O,102-76-1,train,FALSE,1.72
67,CC(=O)[CH-]C(C)=O,14024-63-6,train,FALSE,5.47
68,O=S(=O)([O-])c1ccc2c(c1)-c1nc-2nc2[n-]c(nc3nc([n-]c4nc(n1)-c1ccc(S(=O)(=O)[O-])cc1-4)-c1ccc(S(=O)(=O)[O-])cc1-3)c1ccc(S(=O)(=O)[O-])cc21,14285-59-7,train,FALSE,14.2
69,O=P(O)(O)CN(CCN(CP(=O)(O)O)CP(=O)(O)O)CP(=O)(O)O,1429-50-1,train,FALSE,4.6
70,CO/N=C(/C(=O)OC)c1ccccc1COc1ccccc1C,143390-89-0,train,FALSE,5.6
71,CCCCCCCCCC(=O)N(C)C,14433-76-2,train,FALSE,3.55
72,CN(C)C(=S)[S-],14484-64-1,train,FALSE,0.28
73,[Cl]|[Sn](CCCC)(CCCC)CCCC,1461-22-9,train,TRUE,0.08
74,O=P([O-])([O-])OP(=O)([O-])[O-],14691-80-6,train,FALSE,0.58
75,NCc1cccc(CN)c1,1477-55-0,train,FALSE,1.29
76,O=[Cr](=O)([O-])[O-],10294-40-3,train,FALSE,0.09
77,CC1CCC(C(C)C)C(O)C1,1490-04-6,CC1CCC(C(C)C)C(O)C1,TRUE,5.29
78,Nc1cc(Cl)nc(C(=O)O)c1Cl,150114-71-9,train,FALSE,5.5
79,CC[P+](c1ccccc1)(c1ccccc1)c1ccccc1,1530-32-1,train,FALSE,5.0
80,C=C[Si](OC(=C)C)(OC(=C)C)OC(=C)C,15332-99-7,train,FALSE,4.31
81,CN1COCN(Cc2cnc(Cl)s2)/C1=N/[N+](=O)[O-],153719-23-4,train,FALSE,3.72
82,CC(CN)CCCN,15520-10-2,train,FALSE,4.9
83,N#CN,156-62-7,train,FALSE,0.16
84,Cc1cc(Cl)ccc1O,1570-64-5,train,FALSE,0.9
85,O=C([O-])CN(CCN(CC(=O)[O-])CC(=O)[O-])CC(=O)[O-],15708-41-5,train,FALSE,2.75
86,O=S([O-])([O-])=S,10294-66-3,train,FALSE,9.63
87,CC(C)(C)CC(C)(C)c1ccc(Nc2ccc(C(C)(C)CC(C)(C)C)cc2)cc1,15721-78-5,train,FALSE,5.8
88,Cc1cc([O-])ccc1Cl,15733-22-9,train,FALSE,2.91
89,CC(C)c1ccc(S(=O)(=O)[O-])cc1,15763-76-5,train,FALSE,6.41
90,C=CC(=O)O[Si](C(C)C)(C(C)C)C(C)C,157859-20-6,train,FALSE,5.99
91,CCN(C(=O)n1nnn(-c2ccccc2Cl)c1=O)C1CCCCC1,158237-07-1,train,FALSE,5.09
92,[Zn](|OC(=O)C(C)O)|OC(=O)C(C)O,16039-53-5,train,TRUE,2.0
93,O=S(=O)([O-])c1ccc(Nc2nc(Nc3ccc(/C=C/c4ccc(Nc5nc(Nc6ccc(S(=O)(=O)[O-])cc6)nc(N(CCO)CCO)n5)c(S(=O)(=O)[O-])c4)cc3S(=O)(=O)[O-])nc(N(CCO)CCO)n2)cc1,16470-24-9,train,FALSE,1.86
94,CN=C(NCC1CCOC1)N[N+](=O)[O-],165252-70-0,train,FALSE,4.09
95,Nc1ccc(Nc2ccc(S(N)(=O)=O)cc2)cc1,16803-97-7,train,FALSE,5.2
96,[Na+].[Na+].F[Si--](F)(F)(F)(F)F,16893-85-9,train,TRUE,1.84
97,CC(C)(O)Cc1ccccc1,100-86-7,train,FALSE,3.01
98,CC(C)(O)CCc1ccccc1,103-05-9,train,FALSE,3.01
99,[F]|[Ta--](|[F])(|[F])(|[F])(|[F])(|[F])|[F].[K+].[K+],16924-00-8,train,TRUE,4.07
100,CCCCCCCCCCCCCOC(=O)CCCCC(=O)OCCCCCCCCCCCCC,16958-92-2,train,FALSE,3.2
101,CCCCNc1ccc(NCCCC)c2c1C(=O)c1ccccc1C2=O,17354-14-2,CCCCNc1ccc(NCCCC)c2c1C(=O)c1ccccc1C2=O,TRUE,4.0
102,Cc1nccn1C,1739-84-0,Cc1nccn1C,TRUE,7.5
103,CCCCCCCCCCC(C)CCCCCCCC,17438-89-0,train,FALSE,4.8
104,N=C(N)S(=O)O,1758-73-2,train,FALSE,0.16
105,CO[Si](CCCNCCN)(OC)OC,1760-24-3,train,FALSE,1.49
106,CO[SiH](CC1CCCCC1)OC,17865-32-6,CO[SiH](CC1CCCCC1)OC,TRUE,5.53
107,CCO[Si](CC(C)C)(OCC)OCC,17980-47-1,train,FALSE,5.88
108,O=S(=O)(O)c1cc(S(=O)(=O)O)c2[n-]c(-c3ccc(-c4nc5c(S(=O)(=O)O)cc(S(=O)(=O)O)cc5[n-]4)cc3)nc2c1,180898-37-7,O=S(=O)(O)c1cc(S(=O)(=O)O)c2[n-]c(-c3ccc(-c4nc5c(S(=O)(=O)O)cc(S(=O)(=O)O)cc5[n-]4)cc3)nc2c1,TRUE,1.87
109,CCCCC(CC)COC(=O)CCCCC(=O)OCC(CC)CCCC,103-23-1,train,FALSE,5.7
110,CCCCC(CC)COC(=O)[C@H](C)O,186817-80-1,train,FALSE,5.6
111,CCCP(=O)(OC)OC,18755-43-6,train,FALSE,5.79
112,C=CC(=C)CC/C=C(\C)CCC=C(C)C,18794-84-8,train,FALSE,2.06
113,O=[Mo]=O,18868-43-4,train,FALSE,5.1
114,CN1CCSC1=S,1908-87-8,train,FALSE,0.6
115,C[n+]1ccc(-c2cc[n+](C)cc2)cc1,1910-42-5,train,FALSE,0.0
116,O=P(OCC(CBr)(CBr)CBr)(OCC(CBr)(CBr)CBr)OCC(CBr)(CBr)CBr,19186-97-1,train,FALSE,1.81
117,CC(=O)OCCOC(C)C,19234-20-9,train,FALSE,12.3
118,CC(=O)[CH-]C(C)=O,19372-44-2,train,FALSE,5.47
119,O=C(O)Cc1ccccc1,103-82-2,train,FALSE,5.0
120,COc1cc(OC)nc(NC(=O)N=S(=O)([O-])c2ncccc2OCC(F)(F)F)n1,199119-58-9,train,FALSE,5.03
121,CC(C)(O)c1cccc(C(C)(C)O)c1,1999-85-5,train,FALSE,5.12
122,O=C(O)COc1ccc(Cl)cc1Cl,2008-39-1,train,FALSE,5.0
123,Nc1[nH]c(=O)ncc1F,2022-85-7,Nc1[nH]c(=O)ncc1F,TRUE,5.17
124,CCO[Si](C)(OCC)OCC,2031-67-6,train,FALSE,13.5
125,O|[Cu]|O,20427-59-2,train,TRUE,0.56
126,FC(F)(F)C(F)(F)C(F)(F)C(F)(F)C(F)(F)C(F)(F)CCI,2043-57-4,train,FALSE,10.6
127,O(|[Ag])|[Ag],20667-12-3,train,TRUE,0.0
128,CCCCCCCCCCCCCCCCCCOC(=O)CCc1cc(C(C)(C)C)c(O)c(C(C)(C)C)c1,2082-79-3,train,FALSE,1.81
129,C=C(C)c1cccc(C(=O)N=C(C)C)c1,2094-99-7,train,FALSE,0.75
130,CC(O)C(=O)O,10326-41-7,train,FALSE,7.94
131,CCN(CC)C(=S)[S-],20941-65-5,train,FALSE,0.51
132,CC(C)c1cc(C(C)C)c(N=C=O)c(C(C)C)c1N=C=O,2162-73-4,train,FALSE,0.11
133,CC(CO)CO,2163-42-0,train,FALSE,5.1
134,CC(=O)C(N=Nc1cc(Cl)c(-c2cc(Cl)c(N=NC(C(C)=O)C(=O)Nc3ccc(C)cc3C)cc2Cl)cc1Cl)C(=O)Nc1ccc(C)cc1C,22094-93-5,CC(=O)C(N=Nc1cc(Cl)c(-c2cc(Cl)c(N=NC(C(C)=O)C(=O)Nc3ccc(C)cc3C)cc2Cl)cc1Cl)C(=O)Nc1ccc(C)cc1C,TRUE,4.25
135,CC(C)CC(C)OP(=S)([S-])OC(C)CC(C)C,2215-35-2,train,FALSE,2.0
136,Nc1cccc2c(N)cccc12,2243-62-1,train,FALSE,5.27
137,C#CCOS(=O)OC1CCCCC1Oc1ccc(C(C)(C)C)cc1,2312-35-8,train,FALSE,0.89
138,CCC(CO)(CO)COCC(CC)(CO)CO,23235-61-2,train,FALSE,5.15
139,CCOc1ccccc1NC(=O)C(=O)Nc1ccccc1CC,23949-66-8,train,FALSE,5.0
140,CC(C)c1ccc2cc(C(C)C)ccc2c1,24157-81-1,train,FALSE,5.64
141,O=C=Nc1ccc(C(c2ccc(N=C=O)cc2)c2ccc(N=C=O)cc2)cc1,2422-91-5,train,FALSE,0.44
142,Cc1ccc(O)c(-n2nc3ccccc3n2)c1,2440-22-4,train,FALSE,0.59
143,O=c1n(CC2CO2)c(=O)n(CC2CO2)c(=O)n1CC1CO1,2451-62-9,train,FALSE,3.09
144,CCCCCC1C(=O)CCC1CC(=O)OC,24851-98-7,train,FALSE,4.93
145,CCOC(=O)C(C)C1CCCCC1,2511-00-4,CCOC(=O)C(C)C1CCCCC1,TRUE,5.4
146,CO[Si](CCCOCC1CO1)(OC)OC,2530-83-8,train,FALSE,5.3
147,C=C(C)C(=O)OCCC[Si](OC)(OC)OC,2530-85-0,train,FALSE,2.28
148,Cc1ccc([N+](=O)[O-])cc1[N+](=O)[O-],25321-14-6,train,FALSE,0.42
149,O=C=Nc1ccccc1Cc1ccccc1N=C=O,2536-05-2,O=C=Nc1ccccc1Cc1ccccc1N=C=O,TRUE,0.61
150,CC(C)CCCCCCCOP(OCCCCCCCC(C)C)OCCCCCCCC(C)C,25448-25-3,train,FALSE,12.6
151,CCCCC(CC)CO,104-76-7,train,FALSE,0.89
152,Cc1cc(Nc2cc(S(=O)(=O)[O-])c(N)c3c2C(=O)c2ccccc2C3=O)cc(S(=O)(=O)NCCO)c1C,25797-81-3,train,FALSE,0.29
153,COC(=O)C(C)(C)N=NC(C)(C)C(=O)OC,2589-57-3,train,FALSE,2.03
154,CCC(C)(C)c1cc(-n2nc3ccccc3n2)c(O)c(C(C)(C)CC)c1,25973-55-1,train,FALSE,0.4
155,O=C(Nc1ccc2c(c1)C=C(S(=O)(=O)[O-])/C(=N/Nc1ccc(N=Nc3ccc(S(=O)(=O)[O-])cc3)cc1S(=O)(=O)[O-])C2=O)Nc1ccc2c(c1)C=C(S(=O)(=O)[O-])/C(=N/Nc1ccc(N=Nc3ccc(S(=O)(=O)[O-])cc3)cc1S(=O)(=O)[O-])C2=O,2610-10-8,train,FALSE,5.0
156,c1ccc(-c2ccc(-c3ccccc3)cc2)cc1,26140-60-3,train,FALSE,3.8
157,CC(=O)OC/C=C(\C)C=O,26586-02-7,train,FALSE,8.97
158,Cc1ccc(N2C(=O)N(c3ccc(C)c(N=C=O)c3)C2=O)cc1N=C=O,26747-90-0,train,FALSE,1.12
159,Cn1sccc1=O,2682-20-4,train,FALSE,0.11
160,CCCCCCCCOC1=CC=CC(=C2N=C(c3ccc(C)cc3C)NC(c3ccc(C)cc3C)=N2)C1=O,2725-22-6,train,FALSE,0.38
161,NC(=O)CCN(CCO)c1nc(Nc2ccccc2)nc(Nc2ccc(/C=C/c3ccc(Nc4nc(Nc5ccccc5)nc(N(CCO)CCC(N)=O)n4)cc3S(=O)(=O)[O-])c(S(=O)(=O)[O-])c2)n1,27344-06-5,train,FALSE,1.86
162,CCc1ccc(CC)cc1,105-05-5,train,FALSE,5.0
163,O=S(=O)([O-])c1ccccc1/C=C\c1ccc(-c2ccc(/C=C\c3ccccc3S(=O)(=O)[O-])cc2)cc1,27344-41-8,train,FALSE,3.97
164,Cc1ccccc1Cc1ccccc1,27776-01-8,Cc1ccccc1Cc1ccccc1,TRUE,1.0
165,CC(CN=NCC(C)C1=NCCN1)C1=NCCN1,27776-21-2,CC(CN=NCC(C)C1=NCCN1)C1=NCCN1,TRUE,5.1
166,CC(C)(N=C=O)c1cccc(C(C)(C)N=C=O)c1,2778-42-9,train,FALSE,0.06
167,CCOP(=O)(CN(CCO)CCO)OCC,2781-11-5,train,FALSE,0.52
168,CCOc1ccccc1NC(=O)C1=Cc2ccccc2/C(=N\Nc2ccc(C(N)=O)cc2)C1=O,2786-76-7,CCOc1ccccc1NC(=O)C1=Cc2ccccc2/C(=N\Nc2ccc(C(N)=O)cc2)C1=O,TRUE,1.58
169,Cc1ccc(N=C=O)cc1Cl,28479-22-3,train,FALSE,0.09
170,CC1(C)CC(N)CC(C)(CN)C1,2855-13-2,CC1(C)CC(N)CC(C)(CN)C1,TRUE,3.7
171,O=c1[n-]c(=O)n(Cl)c(=O)n1Cl,2893-78-9,train,FALSE,0.27
172,CCC(C)(C)OOC(=O)C(C)(C)C,29240-17-3,train,FALSE,9.5
173,C=C(C)C(=O)OCCN(CC)CC,105-16-8,train,FALSE,1.8
174,C1CO[Sb]2OCCO[Sb](O1)OCCO2,29736-75-2,train,FALSE,5.2
175,O=C([O-])O,298-14-6,train,FALSE,4.88
176,O=C([O-])CS,29820-13-1,train,FALSE,2729.0
177,CN[C@@H](C)[C@H](O)c1ccccc1,299-42-3,train,FALSE,5.4
178,CCCCC(CC)C(=O)OOC(C)(C)C,3006-82-4,train,FALSE,42.2
179,O=C1C=CC(=O)N1c1cccc(N2C(=O)C=CC2=O)c1,3006-93-7,train,FALSE,0.09
180,O=C1c2c(Cl)c(Cl)c(Cl)c(Cl)c2C(=O)C1c1ccc2cccc(N3C(=O)c4c(Cl)c(Cl)c(Cl)c(Cl)c4C3=O)c2n1,30125-47-4,train,FALSE,1.04
181,O=C1c2ccc3c4ccc5c6c(ccc(c7ccc(c2c37)C(=O)N1c1ccc(N=Nc2ccccc2)cc1)c64)C(=O)N(c1ccc(N=Nc2ccccc2)cc1)C5=O,3049-71-6,O=C1c2ccc3c4ccc5c6c(ccc(c7ccc(c2c37)C(=O)N1c1ccc(N=Nc2ccccc2)cc1)c64)C(=O)N(c1ccc(N=Nc2ccccc2)cc1)C5=O,TRUE,5.2
182,CC(C)CN(CC(C)C)C(=S)SSC(=S)N(CC(C)C)CC(C)C,3064-73-1,train,FALSE,5.0
183,CCNc1cc2[o+]c3cc(NCC)c(C)cc3c(-c3ccccc3C(=O)OC)c2cc1C,3068-39-1,train,FALSE,0.05
184,O=C1CCCCCN1,105-60-2,O=C1CCCCCN1,TRUE,8.28
185,CO[Si](CCCNC1CCCCC1)(OC)OC,3068-78-8,CO[Si](CCCNC1CCCCC1)(OC)OC,TRUE,1.97
186,CO[Si](C)(CCCNCCN)OC,3069-29-2,train,FALSE,5.2
187,CCCCCCCC[Si](OC)(OC)OC,3069-40-7,train,FALSE,4.43
188,O=C=Nc1cccc2c(N=C=O)cccc12,3173-72-6,train,FALSE,0.27
189,COc1ccc(NC(=O)C(N=Nc2ccc(-c3ccc(N=NC(C(C)=O)C(=O)Nc4ccc(OC)cc4)c(Cl)c3)cc2Cl)C(C)=O)cc1,31775-16-3,COc1ccc(NC(=O)C(N=Nc2ccc(-c3ccc(N=NC(C(C)=O)C(=O)Nc4ccc(OC)cc4)c(Cl)c3)cc2Cl)C(C)=O)cc1,TRUE,4.25
190,CCOc1ccc(NC(=O)C(N=Nc2ccc(-c3ccc(N=NC(C(C)=O)C(=O)Nc4ccc(OCC)cc4)c(Cl)c3)cc2Cl)C(C)=O)cc1,31775-20-9,CCOc1ccc(NC(=O)C(N=Nc2ccc(-c3ccc(N=NC(C(C)=O)C(=O)Nc4ccc(OCC)cc4)c(Cl)c3)cc2Cl)C(C)=O)cc1,TRUE,4.25
191,Cc1cc(O)ccc1C(C)C,3228-02-2,train,FALSE,1.41
192,CC(C)(C)C(=O)Cl,3282-30-2,train,FALSE,2.69
193,CN(C)C(=O)Nc1ccc(Cl)c(Cl)c1,330-54-1,train,FALSE,5.05
194,CCC(COC(=O)CCS)(COC(=O)CCS)COC(=O)CCS,33007-83-9,train,FALSE,3.36
195,CCCCOC(=O)/C=C\C(=O)OCCCC,105-76-0,train,FALSE,5.0
196,NCCCNC1CCCCC1,3312-60-5,NCCCNC1CCCCC1,TRUE,7.5
197,CCCCC(CC)COC(=O)c1ccc(C(=O)OCC(CC)CCCC)c(C(=O)OCC(CC)CCCC)c1,3319-31-1,train,FALSE,2.6
198,[OH-],33908-66-6,train,FALSE,5.4
199,CO[Si](CC(C)CC(C)(C)C)(OC)OC,34396-03-7,train,FALSE,11.2
200,CCCCOC(=O)C(C)O,34451-19-9,train,FALSE,5.14
201,CN[C@@H](C)[C@@H](O)c1ccccc1,345-78-8,train,FALSE,2.0
202,O=C(c1ccc(F)cc1)c1ccc(F)cc1,345-92-6,O=C(c1ccc(F)cc1)c1ccc(F)cc1,TRUE,5.05
203,CC(C)(C)c1cc(CCC(=O)OCCCCCCOC(=O)CCc2cc(C(C)(C)C)c(O)c(C(C)(C)C)c2)cc(C(C)(C)C)c1O,35074-77-2,train,FALSE,1.7
204,CC(O)C(=O)N(C)C,35123-06-9,train,FALSE,5.0
205,CO[Si](CCCNCCNCCN)(OC)OC,35141-30-1,train,FALSE,1.49
206,O=[N+]([O-])[O-],10022-31-8,train,FALSE,1.1
207,CN(CCCN)CCCN,105-83-9,train,FALSE,0.07
208,CCO[Si](CC(C)CC(C)(C)C)(OCC)OCC,35435-21-3,train,FALSE,11.2
209,Nc1nc(N)nc(Nc2nc(N)nc(N)n2)n1,3576-88-3,Nc1nc(N)nc(Nc2nc(N)nc(N)n2)n1,TRUE,1.0
210,CCCCNS(=O)(=O)c1ccccc1,3622-84-2,train,FALSE,4.07
211,CC(C)[C@H]1CC[C@@H](C)CC1O,3623-51-6,CC(C)[C@H]1CC[C@@H](C)CC1O,TRUE,5.29
212,O=C=NCc1cccc(CN=C=O)c1,3634-83-1,O=C=NCC1CCCC(CN=C=O)C1,TRUE,0.18
213,N#CCC(=O)O,372-09-8,train,FALSE,1.97
214,CC[N+](CC)(CC(=O)Nc1c(C)cccc1C)Cc1ccccc1,3734-33-6,CC[N+](CC)(CC(=O)Nc1c(C)cccc1C)Cc1ccccc1,TRUE,0.2
215,C=C(C)c1cccc(C(=C)C)c1,3748-13-8,train,FALSE,0.54
216,O=c1[nH]c(=O)[nH]c(=O)[nH]1,37640-57-6,train,FALSE,5.1
217,O=C(O)CCC(CC(=O)O)(C(=O)O)P(=O)(O)O,37971-36-1,train,FALSE,1.98
218,CCCC[Sn](|[S]CC(=O)OCC(CC)CCCC)(|[S]CC(=O)OCC(CC)CCCC)CCCC,10584-98-2,train,TRUE,0.94
219,O=P(OCCCl)(OCCCl)OCC(CCl)(CCl)COP(=O)(OCCCl)OCCCl,38051-10-4,train,FALSE,1.65
220,[O-][Cl+2]([O-])[O-],3811-04-9,train,FALSE,5.59
221,CCCCCCCC\C=C/CCCCCCCC([O]|[Sn](C)(C)|[O]C(=O)CCCCCCC\C=C/CCCCCCCC)=O,3865-34-7,train,TRUE,0.12
222,O=C=NCC1CCCC(CN=C=O)C1,38661-72-2,O=C=NCC1CCCC(CN=C=O)C1,TRUE,0.15
223,CC(c1ccccc1)c1ccccc1,38888-98-1,CC(c1ccccc1)c1ccccc1,TRUE,1.0
224,CCC(C)CCCC(C)CCCC(C)C,3891-98-3,train,FALSE,2.19
225,Cc1cc(-n2nc3ccc(Cl)cc3n2)c(O)c(C(C)(C)C)c1,3896-11-5,train,FALSE,0.27
226,CCCC(C)C(=O)OCC,39255-32-8,train,FALSE,5.97
227,O=S(=O)([O-])[O-],39290-78-3,train,FALSE,5.0
228,OC1CSC(O)CS1,40018-26-6,train,FALSE,0.48
229,CCCCC(CC)CNCC(CC)CCCC,106-20-7,train,FALSE,0.91
230,CC1(C)CC(N=C=O)CC(C)(CN=C=O)C1,4098-71-9,CC1(C)CC(N=C=O)CC(C)(CN=C=O)C1,TRUE,0.04
231,CCN(CC)c1nc(Nc2ccc(/C=C/c3ccc(Nc4nc(Nc5cc(S(=O)(=O)[O-])ccc5S(=O)(=O)[O-])nc(N(CC)CC)n4)cc3S(=O)(=O)[O-])c(S(=O)(=O)[O-])c2)nc(Nc2cc(S(=O)(=O)[O-])ccc2S(=O)(=O)[O-])n1,41098-56-0,train,FALSE,1.86
232,CCCSP(=O)(OCC)Oc1ccc(Br)cc1Cl,41198-08-7,train,FALSE,2.2
233,O=C=Nc1ccc(OP(=S)(Oc2ccc(N=C=O)cc2)Oc2ccc(N=C=O)cc2)cc1,4151-51-3,train,FALSE,6.16
234,C/C=C/c1ccc(OC)cc1,4180-23-8,train,FALSE,5.1
235,O=S(=O)([O-])c1cc(Nc2nc(Nc3ccccc3)nc(N(CCO)CCO)n2)ccc1/C=C/c1ccc(Nc2nc(Nc3ccccc3)nc(N(CCO)CCO)n2)cc1S(=O)(=O)[O-],4193-55-9,train,FALSE,1.86
236,N#CN,420-04-2,train,FALSE,1.0
237,CC(C)(C)C1CCC(OC(=O)Cl)CC1,42125-46-2,CC(C)(C)C1CCC(OC(=O)Cl)CC1,TRUE,0.72
238,CC(C)(C)c1ccc(OC(=O)c2cc(C(C)(C)C)c(O)c(C(C)(C)C)c2)c(C(C)(C)C)c1,4221-80-1,train,FALSE,0.5
239,CC(CC(C)(C)C)CC(C)(C)CC(C)(C)C,4390-04-9,train,FALSE,5.99
240,Nc1ccc(N)cc1,106-50-3,train,FALSE,0.92
241,O=CN1CCOCC1,4394-85-8,train,FALSE,5.32
242,O=S(=O)(O)c1cc(Nc2nc(Nc3ccccc3)nc(N(CCO)CCO)n2)ccc1/C=C/c1ccc(Nc2nc(Nc3ccccc3)nc(N(CCO)CCO)n2)cc1S(=O)(=O)O,4404-43-7,train,FALSE,1.86
243,[Zn](|OC(=O)[C@H](O)[C@@H](O)[C@H](O)[C@H](O)CO)|OC(=O)[C@H](O)[C@@H](O)[C@H](O)[C@H](O)CO,4468-02-4,train,TRUE,4343.33
244,CC1OC(=O)C(C)OC1=O,4511-42-6,CC1OC(=O)C(C)OC1=O,TRUE,7.94
245,COc1ccccc1NC(=O)C(N=Nc1ccc(-c2ccc(N=NC(C(C)=O)C(=O)Nc3ccccc3OC)c(Cl)c2)cc1Cl)C(C)=O,4531-49-1,COc1ccccc1NC(=O)C(N=Nc1ccc(-c2ccc(N=NC(C(C)=O)C(=O)Nc3ccccc3OC)c(Cl)c2)cc1Cl)C(C)=O,TRUE,0.23
246,CC(c1ccc(OC#N)cc1)c1ccc(OC#N)cc1,47073-92-7,CC(c1ccc(OC#N)cc1)c1ccc(OC#N)cc1,TRUE,2.6
247,O=C([O-])[O-],471-34-1,train,FALSE,3.0
248,O=[P+](Oc1ccccc1)Oc1ccccc1,4712-55-4,train,FALSE,6.7
249,OCCN1CN(CCO)CN(CCO)C1,4719-04-4,train,FALSE,0.37
250,Nc1cccc2cccc(N)c12,479-27-6,train,FALSE,0.88
251,OCCCCC(O)CO,106-69-4,train,FALSE,5.07
252,C1=C\CC/C=C/CC/C=C\CC/1,4904-61-4,C1=C\CC/C=C/CC/C=C\CC/1,TRUE,8.2
253,O=c1nc[nH]c2ccccc12,491-36-1,train,FALSE,5.18
254,Cc1cc(C)cc(N2C(=O)c3ccc4c5ccc6c7c(ccc(c8ccc(c3c48)C2=O)c75)C(=O)N(c2cc(C)cc(C)c2)C6=O)c1,4948-15-6,train,FALSE,5.2
255,O=[Cr](=O)([O-])[O-],49663-84-5,train,FALSE,0.27
256,O=C([O-])[O-],497-19-8,train,FALSE,2.3
257,C1=CC2CCC1C2,498-66-8,train,FALSE,26.59
258,N=C(N)N,50-01-1,train,FALSE,5.39
259,CC(O)C(=O)O,50-21-5,train,FALSE,7.94
260,CN[C@@H](C)[C@H](O)c1ccccc1,50-98-6,train,FALSE,5.2
261,O=[N+]([O-])O,506-93-4,train,FALSE,9.06
262,COC(=O)c1c(Cl)c(Cl)c(Cl)c(Cl)c1C#N,106276-79-3,train,FALSE,1.04
263,CCO[Si](CCCNCCN)(OCC)OCC,5089-72-5,train,FALSE,1.14
264,CCCCOCCOCCOCc1cc2c(cc1CCC)OCO2,51-03-6,CCCCOCCOCCOCc1cc2c(cc1CCC)OCO2,TRUE,5.2
265,NCCc1ccc(O)cc1,51-67-2,train,FALSE,5.0
266,O=C=NC1CCC(CC2CCC(N=C=O)CC2)CC1,5124-30-1,O=C=Nc1ccc(Cc2ccc(N=C=O)cc2)cc1,TRUE,0.44
267,CC(C)=CCCC(C)CC#N,51566-62-2,train,FALSE,4.9
268,Cc1cc(N/N=C2\C(=O)C=Cc3ccccc32)c(S(=O)(=O)[O-])cc1Cl,5160-02-1,train,FALSE,5.24
269,CC(C)(C)CC(C)(C)N(c1ccccc1)c1cccc2ccccc12,51772-35-1,CC(C)(C)CC(C)(C)N(c1ccccc1)c1cccc2ccccc12,TRUE,0.4
270,COC(=N)N,52328-05-9,train,FALSE,2.13
271,CC(=O)C(N=Nc1cc(C(=O)Nc2cc(Cl)ccc2C)ccc1Cl)C(=O)Nc1cc(C)c(NC(=O)C(N=Nc2cc(C(=O)Nc3cc(Cl)ccc3C)ccc2Cl)C(C)=O)cc1C,5280-80-8,CC(=O)C(N=Nc1cc(C(=O)Nc2cc(Cl)ccc2C)ccc1Cl)C(=O)Nc1cc(C)c(NC(=O)C(N=Nc2cc(C(=O)Nc3cc(Cl)ccc3C)ccc2Cl)C(C)=O)cc1C,TRUE,1.7
272,Cc1ccc(N/N=C2\C(=O)C(C(=O)[O-])=Cc3ccccc32)c(S(=O)(=O)[O-])c1,5281-04-9,train,FALSE,4.76
273,COC(=O)c1c(Cl)c(Cl)c(Cl)c(Cl)c1C#N,106276-80-6,train,FALSE,1.04
274,CC1(C)CNCC(C)(C)C1OC(=O)CCCCCCCCC(=O)OC1C(C)(C)CNCC1(C)C,52829-07-9,train,FALSE,0.5
275,COCCC(=O)N(C)C,53185-52-7,train,FALSE,5.0
276,CCCCCC(CCC)COC(=O)c1ccccc1C(=O)OCC(CCC)CCCCC,53306-54-0,train,FALSE,12.75
277,O=S(=O)([O-])c1cc(Cl)c(Cl)cc1Cl,53423-65-7,train,FALSE,5.15
278,CCCC(O)CO,5343-92-0,train,FALSE,7.02
279,CCCCCCCC(=O)OCC(COC(=O)CCCCCCC)OC(=O)CCCCCCC,538-23-8,train,FALSE,1.86
280,CCCCC(CC)CNS(=O)(=O)c1ccc(N)cc1,53817-09-7,train,FALSE,1.16
281,CC1(C)CC(N=C=O)CC(C)(CN=C=O)C1,53880-05-0,CC1(C)CC(N=C=O)CC(C)(CN=C=O)C1,TRUE,4.21
282,CC(C)N(C(=O)CO)c1ccc(F)cc1,54041-17-7,train,FALSE,6.8
283,COc1ccc(N(C)N=CC2=[N+](C)c3ccccc3C2(C)C)cc1,54060-92-3,COc1ccc(N(C)N=CC2=[N+](C)c3ccccc3C2(C)C)cc1,TRUE,0.08
284,O=CC=O,107-22-2,train,FALSE,2.44
285,C[Si]1(C)O[Si](C)(C)O[Si](C)(C)O[Si](C)(C)O[Si](C)(C)O1,541-02-6,train,FALSE,8.67
286,O=C1CCCCCN1C(=O)Nc1ccc(Cc2ccc(NC(=O)N3CCCCCC3=O)cc2)cc1,54112-23-1,train,FALSE,5.0
287,Cc1nc(N)nc(N)n1,542-02-9,train,FALSE,2.03
288,CC(=O)[O-],543-80-6,train,FALSE,1.1
289,CC(=O)[O-],543-94-2,train,FALSE,4.5
290,CCCCCCCCCCCCCCCC,544-76-3,train,FALSE,5.27
291,CCCCOCCOC(=O)c1ccccc1,5451-76-3,train,FALSE,5.39
292,CC(=O)C(N=Nc1ccc(-c2ccc(N=NC(C(C)=O)C(=O)Nc3ccccc3C)c(Cl)c2)cc1Cl)C(=O)Nc1ccccc1C,5468-75-7,CC(=O)C(N=Nc1ccc(-c2ccc(N=NC(C(C)=O)C(=O)Nc3ccccc3C)c(Cl)c2)cc1Cl)C(=O)Nc1ccccc1C,TRUE,4.25
293,O=C(O)c1ccc2c(c1)C(=O)OC2=O,552-30-7,O=C(O)c1ccc2c(c1)C(=O)OC2=O,TRUE,2.33
294,CN1C(=O)c2ccc3c4ccc5c6c(ccc(c7ccc(c2c37)C1=O)c64)C(=O)N(C)C5=O,5521-31-3,train,FALSE,0.41
295,CC(=O)OOC(C)(C)C,107-71-1,train,FALSE,6.1
296,O=C([O-])[O-],554-13-2,train,FALSE,2.0
297,CCCCNC(=O)OCC#CI,55406-53-6,train,FALSE,6.89
298,OC[P+](CO)(CO)CO,55566-30-8,train,FALSE,0.52
299,C[Si]1(C)O[Si](C)(C)O[Si](C)(C)O[Si](C)(C)O1,556-67-2,train,FALSE,36.0
300,COc1cc(NC(=O)C(N=Nc2ccc(-c3ccc(N=NC(C(C)=O)C(=O)Nc4cc(OC)c(Cl)cc4OC)c(Cl)c3)cc2Cl)C(C)=O)c(OC)cc1Cl,5567-15-7,COc1cc(NC(=O)C(N=Nc2ccc(-c3ccc(N=NC(C(C)=O)C(=O)Nc4cc(OC)c(Cl)cc4OC)c(Cl)c3)cc2Cl)C(C)=O)c(OC)cc1Cl,TRUE,0.23
301,CC(=O)C(N=Nc1cc(C(=O)Nc2cccc(Cl)c2C)ccc1Cl)C(=O)Nc1cc(Cl)c(NC(=O)C(N=Nc2cc(C(=O)Nc3cccc(Cl)c3C)ccc2Cl)C(C)=O)cc1C,5580-57-4,CC(=O)C(N=Nc1cc(C(=O)Nc2cccc(Cl)c2C)ccc1Cl)C(=O)Nc1cc(Cl)c(NC(=O)C(N=Nc2cc(C(=O)Nc3cccc(Cl)c3C)ccc2Cl)C(C)=O)cc1C,TRUE,1.7
302,Cn1sc(Cl)cc1=O,55965-84-9,train,FALSE,1.35
303,NCCCNCCCN,56-18-8,train,FALSE,0.03
304,C[N+](C)(C)Cc1ccccc1,56-93-9,train,FALSE,1.14
305,CCO[Si](CCCSSCCC[Si](OCC)(OCC)OCC)(OCC)OCC,56706-10-6,train,FALSE,7.97
306,O=C(O)CCS,107-96-0,train,FALSE,1.82
307,Cn1c(=O)c2c(ncn2C)n(C)c1=O,58-08-2,train,FALSE,4.94
308,Cn1c(=O)c2[nH]cnc2n(C)c1=O,58-55-9,train,FALSE,6.7
309,C=C(C)C(=O)OC(C)(C)C,585-07-9,train,FALSE,10.17
310,C=CCOC(Cn1ccnc1)c1ccc(Cl)cc1Cl,58594-72-2,C=CCOC(Cn1ccnc1)c1ccc(Cl)cc1Cl,TRUE,0.66
311,O=C([O-])[O-],587-26-8,train,FALSE,5.22
312,O=C=Nc1ccc(Cc2ccccc2N=C=O)cc1,5873-54-1,O=C=Nc1ccc(Cc2ccccc2N=C=O)cc1,TRUE,0.52
313,Cc1cc(O)ccc1Cl,59-50-7,train,FALSE,2.91
314,CCCCCCCCCCCCCCCCCC,593-45-3,train,FALSE,5.99
315,N=C(N)N,593-84-0,train,FALSE,9.06
316,O=P(Cl)(Cl)Cl,10025-87-3,train,FALSE,0.3
317,Nc1cccc(N)c1,108-45-2,train,FALSE,3.2
318,CNC(N)=O,598-50-5,train,FALSE,5.7
319,O=C([O-])[O-],598-62-9,train,FALSE,5.35
320,Nc1ccc(N=Nc2ccccc2)cc1,60-09-3,train,FALSE,2.8
321,Nc1cccc(Cl)c1Cl,608-27-5,train,FALSE,8.05
322,Nc1ncn[nH]1,61-82-5,train,FALSE,0.44
323,ClCc1ccccc1Cl,611-19-8,train,FALSE,2.8
324,C1=CC(c2ccc(C3CC=CCC3)cc2)CCC1,61788-32-7,C1=CC(c2ccc(C3CC=CCC3)cc2)CCC1,TRUE,4.7
325,C=Cc1ccc(O)c(C=C)c1,61788-44-1,train,FALSE,4.92
326,O=[N+]([O-])c1cc(Cl)cc(Cl)c1,618-62-2,train,FALSE,0.3
327,CC(=O)[O-],62-54-4,train,FALSE,5.6
328,CCCCCCC(C)OC(=O)CCCCC(=O)OC(C)CCCCCC,108-63-4,train,FALSE,5.7
329,NC(N)=S,62-56-6,train,FALSE,0.2
330,C=CCCCCCCCCCC,62132-67-6,train,FALSE,4.8
331,CC(O)C[N+](C)(C)C,62314-25-4,train,FALSE,7.5
332,CCON,624-86-2,train,FALSE,171.44
333,O=C1C=Cc2cc(S(=O)(=O)[O-])ccc2/C1=N\Nc1ccc(N=Nc2ccc(Nc3ccccc3)c(S(=O)(=O)[O-])c2)c2ccccc12,6262-07-3,train,FALSE,5.2
334,O=COCCOC=O,629-15-2,train,FALSE,5.05
335,CCCCCCCCCCCCCCC,629-62-9,train,FALSE,5.99
336,CCCCCCCCCCCCCCCCC,629-78-7,train,FALSE,5.99
337,CSCCC(N)C(=O)O,63-68-3,train,FALSE,5.25
338,CC(=O)C(N=Nc1ccc(-c2ccc(N=NC(C(C)=O)C(=O)Nc3ccccc3)c(Cl)c2)cc1Cl)C(=O)Nc1ccccc1,6358-85-6,CC(=O)C(N=Nc1ccc(-c2ccc(N=NC(C(C)=O)C(=O)Nc3ccccc3)c(Cl)c2)cc1Cl)C(=O)Nc1ccccc1,TRUE,4.25
339,Clc1nc(Cl)nc(Cl)n1,108-77-0,train,FALSE,0.17
340,CCCCC(Cc1cc(C(C)(C)C)c(O)c(C(C)(C)C)c1)(C(=O)OC1CC(C)(C)N(C)C(C)(C)C1)C(=O)OC1CC(C)(C)N(C)C(C)(C)C1,63843-89-0,train,FALSE,0.46
341,Cc1ccc(N2C(=O)C=CC2=O)cc1N1C(=O)C=CC1=O,6422-83-9,train,FALSE,0.08
342,Nc1ccc(N=Nc2ccc(N=Nc3c(S(=O)(=O)[O-])cc4c(c3N)C(=O)/C(=N\Nc3ccc(N=Nc5ccc(N)cc5N)cc3)C(S(=O)(=O)[O-])=C4)cc2)c(N)c1,6428-31-5,train,FALSE,5.0
343,CC1(C)CC2(CC(C)(C)N1)OC1(CCCCCCCCCCC1)NC2=O,64338-16-5,train,FALSE,1.67
344,CN1CCCC1c1cccnc1,65-31-6,train,FALSE,4.42
345,COc1cc(-c2ccc(N=NC(C(C)=O)C(=O)Nc3ccccc3)c(OC)c2)ccc1N=NC(C(C)=O)C(=O)Nc1ccccc1,6505-28-8,COc1cc(-c2ccc(N=NC(C(C)=O)C(=O)Nc3ccccc3)c(OC)c2)ccc1N=NC(C(C)=O)C(=O)Nc1ccccc1,TRUE,4.25
346,CC1=NN(c2cccc(S(=O)(=O)[O-])c2)C(=O)C1N=Nc1cc(Cl)c(Cl)cc1S(=O)(=O)[O-],65212-77-3,train,FALSE,5.5
347,O=P([O-])([O-])[O-],65232-89-5,train,FALSE,7.69
348,Cc1ccc(S(=O)(=O)[O-])cc1,657-84-1,train,FALSE,6.41
349,Clc1ccc(CNC2CCCC2)cc1,66063-15-8,train,FALSE,1.74
350,Nc1nc(N)nc(N)n1,108-78-1,train,FALSE,5.19
351,O=C([O-])CCC(CC(=O)O)(C(=O)[O-])P(=O)([O-])[O-],66669-53-2,train,FALSE,1.98
352,CC(C)(C)c1cc(CCC(=O)OCC(COC(=O)CCc2cc(C(C)(C)C)c(O)c(C(C)(C)C)c2)(COC(=O)CCc2cc(C(C)(C)C)c(O)c(C(C)(C)C)c2)COC(=O)CCc2cc(C(C)(C)C)c(O)c(C(C)(C)C)c2)cc(C(C)(C)C)c1O,6683-19-8,train,FALSE,1.95
353,O=C1c2ccc3c4ccc5c6c(ccc(c7ccc(c2c37)C(=O)N1CCc1ccccc1)c64)C(=O)N(CCc1ccccc1)C5=O,67075-37-0,O=C1c2ccc3c4ccc5c6c(ccc(c7ccc(c2c37)C(=O)N1CCc1ccccc1)c64)C(=O)N(CCc1ccccc1)C5=O,TRUE,5.2
354,C=C1CC(=O)O1,674-82-8,train,FALSE,0.92
355,C=CCOC(=O)COCCC(C)C,67634-00-8,train,FALSE,0.46
356,O=S(=O)([O-])c1cccc(N=Nc2ccc(N=Nc3ccc(N(CCO)CCO)cc3)c3ccccc23)c1,67674-28-6,O=S(=O)([O-])c1cccc(N=Nc2ccc(N=Nc3ccc(N(CCO)CCO)cc3)c3ccccc23)c1,TRUE,0.63
357,CCCCCCCOCC(COCCCCCCC)(COCCCCCCC)COCCCCCCC,67762-53-2,train,FALSE,4.06
358,CC(O)CN(CC(C)O)c1nc(Nc2ccc(S(=O)(=O)[O-])cc2)nc(Nc2ccc(/C=C/c3ccc(Nc4nc(Nc5ccc(S(=O)(=O)[O-])cc5)nc(N(CC(C)O)CC(C)O)n4)cc3S(=O)(=O)[O-])c(S(=O)(=O)[O-])c2)n1,67786-25-8,train,FALSE,1.86
359,CCc1cc(N/N=C2/C(=O)C=Cc3ccccc32)c(S(=O)(=O)[O-])cc1Cl,67801-01-8,train,FALSE,5.24
360,O=C(O)CS,68-11-1,train,FALSE,1.49
361,O=c1[nH]c(=O)[nH]c(=O)[nH]1,108-80-5,train,FALSE,5.25
362,C=CCCCCCCCC,68037-01-4,train,FALSE,4.8
363,CC1(C)[C@@H](/C=C(\Cl)C(F)(F)F)[C@H]1C(=O)O,68127-59-3,CC1(C)[C@@H](/C=C(\Cl)C(F)(F)F)[C@H]1C(=O)O,TRUE,1.1
364,Cc1ccc(N(C)N=CC2=[N+](C)c3ccccc3C2(C)C)cc1,68134-38-3,Cc1ccc(N(C)N=CC2=[N+](C)c3ccccc3C2(C)C)cc1,TRUE,0.38
365,Cc1ccc(C(=O)OCCCl)cc1N/N=C1/C(=O)C(C(=O)Nc2cc(C)c(NC(=O)C3=Cc4ccccc4/C(=N/Nc4c(C)cccc4C(=O)OCCCl)C3=O)cc2C)=Cc2ccccc21,68259-05-2,train,FALSE,1.7
366,CCCCCCCCCCCCCC[N+](C)(C)CCCCCCCCCCCCCC,68391-05-9,train,FALSE,0.25
367,CCCCCCCCCCCCCC[N+](C)(C)Cc1ccccc1,68424-85-1,train,FALSE,0.25
368,OCC#CCO,68441-62-3,train,FALSE,5.47
369,CCCCCCCCCC(=O)O,68441-68-9,train,FALSE,4.06
370,CCCCC(CC)C(=O)OCC(COCC(COC(=O)CCCCCC(C)C)(COC(=O)C(CC)CCCC)COC(=O)C(CC)CCCC)(COC(=O)CCCCCC(C)C)COC(=O)CCCCCC(C)C,68443-84-5,train,FALSE,5.1
371,COC(=O)c1ccc(C(=O)OC)c(N=NC(C(C)=O)C(=O)Nc2ccc(NC(=O)C(N=Nc3cc(C(=O)OC)ccc3C(=O)OC)C(C)=O)cc2)c1,68516-73-4,train,FALSE,1.7
372,OC1CCCCC1,108-93-0,OC1CCCCC1,TRUE,3.6
373,CCCCCCCCCC(=O)O,68583-51-7,train,FALSE,101.46
374,CC1CC(CC2CCC(N)C(C)C2)CCC1N,6864-37-5,train,FALSE,0.42
375,Cc1cc(CC(C)CC(C)(C)C)n(O)c(=O)c1,68890-66-4,train,FALSE,4.9
376,CC(C)(c1ccc(O)cc1)c1ccc(O)cc1,68958-77-0,CC(C)(c1ccc(O)cc1)c1ccc(O)cc1,TRUE,4.9
377,C=CCCCCCCCCC(=O)OCC,692-86-4,train,FALSE,5.15
378,CC(C)C1CCCCC1,696-29-7,CC(C)C1CCCCC1,TRUE,5.04
379,Cc1cc(O)c(C)c(C)c1O,700-13-0,train,FALSE,1.47
380,CC1(C)CC(=O)CC(C)(C#N)C1,7027-11-4,train,FALSE,1.31
381,CC(C)(C)c1cc(CCC(=O)OCCNC(=O)C(=O)NCCOC(=O)CCc2cc(C(C)(C)C)c(O)c(C(C)(C)C)c2)cc(C(C)(C)C)c1O,70331-94-1,train,FALSE,5.01
382,CN(c1ccc2c(c1)C=C(S(=O)(=O)[O-])/C(=N/Nc1ccc3c(S(=O)(=O)[O-])cccc3c1S(=O)(=O)[O-])C2=O)c1nc(N)nc(Cl)n1,70616-89-6,train,FALSE,5.0
383,CCCCCl,109-69-3,train,FALSE,7.74
384,CCCCCCCCC(=O)O,70693-39-9,train,FALSE,4.06
385,O=S(=O)([O-])c1cc([O-])c(N=Nc2ccc3cccc(S(=O)(=O)[O-])c3c2[O-])c2ccccc12,70942-15-3,O=S(=O)([O-])c1cc([O-])c(N=Nc2ccc3cccc(S(=O)(=O)[O-])c3c2[O-])c2ccccc12,TRUE,2.8
386,CC(C)(C)c1ccc2oc(-c3ccc(-c4nc5cc(C(C)(C)C)ccc5o4)s3)nc2c1,7128-64-5,train,FALSE,1.82
387,CC(O)C(=O)[O-],72-17-3,train,FALSE,7.94
388,CC(C)C(N)C(=O)O,72-18-4,train,FALSE,5.26
389,Cc1cc2c(cc1NNC1C(=O)NC(=O)NC1=O)=NC(=O)N=2,72102-84-2,Cc1cc2c(cc1NNC1C(=O)NC(=O)NC1=O)=NC(=O)N=2,TRUE,2.12
390,Cc1c(Nc2cc(S(=O)(=O)[O-])c(N)c3c2C(=O)c2ccccc2C3=O)cc(S(=O)(=O)[O-])cc1Nc1nc(F)nc(F)c1Cl,72139-17-4,train,FALSE,5.09
391,CCN(c1ccccc1)c1nc(Cl)nc(Nc2cc(S(=O)(=O)[O-])cc3c2C(=O)/C(=N/Nc2ccccc2S(=O)(=O)[O-])C(S(=O)(=O)[O-])=C3)n1,72829-25-5,CCN(c1ccccc1)c1nc(Cl)nc(Nc2cc(S(=O)(=O)[O-])cc3c2C(=O)/C(=N/Nc2ccccc2S(=O)(=O)[O-])C(S(=O)(=O)[O-])=C3)n1,TRUE,1.5
392,NC(Cc1c[nH]c2ccccc12)C(=O)O,73-22-3,train,FALSE,5.17
393,CC[C@H](C)[C@H](N)C(=O)O,73-32-5,train,FALSE,5.41
394,C[O-],109-88-6,train,FALSE,2.1
395,NCCCOCCCCOCCCN,7300-34-7,train,FALSE,1.5
396,O=P([O-])([O-])OP(=O)([O-])[O-],7320-34-5,train,FALSE,1.1
397,CCN(CC)c1ccc2nc3ccc(N(CC)CC)cc3[o+]c2c1,73570-52-2,CCN(CC)c1ccc2nc3ccc(N(CC)CC)cc3[o+]c2c1,TRUE,0.51
398,CCCCC(CC)C(=O)OCC(COC(=O)C(CC)CCCC)OC(=O)C(CC)CCCC,7360-38-5,train,FALSE,1.86
399,O=C[O-],7360-53-4,train,FALSE,2.51
400,BrCBr,74-95-3,train,FALSE,0.02
401,O=C(O)/C=C/C(=O)O,110-17-8,train,FALSE,1.31
402,CCOC(=O)C(C)CC,7452-79-1,train,FALSE,5.97
403,O=S(=O)([O-])[O-],7488-55-3,train,FALSE,2.0
404,N#CCCC#N,110-61-2,train,FALSE,2.67
405,CC(C)(C)OO,75-91-2,train,FALSE,1.85
406,CC(C)(C)C(=O)O,75-98-9,train,FALSE,5.3
407,[Cl]|[Sn](|[Cl])(C)C,753-73-1,train,TRUE,0.12
408,O=P([O-])([O-])O,7558-79-4,train,FALSE,0.83
409,COP(C)(=O)OC,756-79-6,train,FALSE,2.59
410,O=C(CCS)OCC(COC(=O)CCS)(COC(=O)CCS)COC(=O)CCS,7575-23-7,train,FALSE,3.36
411,OCC1OC2OC3C(CO)OC(OC4C(CO)OC(OC5C(CO)OC(OC6C(CO)OC(OC7C(CO)OC(OC8C(CO)OC(OC1C(O)C2O)C(O)C8O)C(O)C7O)C(O)C6O)C(O)C5O)C(O)C4O)C(O)C3O,7585-39-9,train,FALSE,4.9
412,Cc1cc(S(=O)(=O)[O-])c(N/N=C2/C(=O)C(C(=O)[O-])=Cc3ccccc32)cc1Cl,7585-41-3,train,FALSE,4.76
413,ClP(Cl)(Cl)(Cl)Cl,10026-13-8,train,FALSE,0.21
414,OCCCCO,110-63-4,train,FALSE,15.0
415,Cn1c(N)c(NC=O)c(=O)n(C)c1=O,7597-60-6,Cn1c(N)c(NC=O)c(=O)n(C)c1=O,TRUE,5.4
416,CC12CCC(CC1=O)C2(C)C,76-22-2,CC12CCC(CC1=O)C2(C)C,TRUE,10.0
417,CCCCC(CC)C(=O)Cl,760-67-8,train,FALSE,1.24
418,C=C(C)C(=O)OC(=O)C(=C)C,760-93-0,train,FALSE,2.08
419,O=P([O-])([O-])[O-],7601-54-9,train,FALSE,0.83
420,CNC(=O)/C(C#N)=c1\[nH]c(=C2C(=O)NC(=O)NC2=O)c2ccccc12,76199-85-4,train,FALSE,5.42
421,O=[Si]=O,7631-86-9,train,FALSE,5.01
422,O=[Mo](=O)([O-])[O-],7631-95-0,train,FALSE,5.1
423,O=S(=O)(O)O,7664-93-9,train,FALSE,0.38
424,O=[N+]([O-])O,7697-37-2,train,FALSE,2.65
425,OCC#CCO,110-65-6,train,FALSE,0.69
426,Cc1cc(Cc2cc(C)cc(C3(C)CCCCC3)c2O)c(O)c(C2(C)CCCCC2)c1,77-62-3,Cc1cc(Cc2cc(C)cc(C3(C)CCCCC3)c2O)c(O)c(C2(C)CCCCC2)c1,TRUE,3.18
427,CC(O)COc1ccccc1,770-35-4,train,FALSE,5.4
428,O=P([O-])([O-])OP(=O)([O-])[O-],7722-88-5,train,FALSE,0.58
429,O=S(=O)([O-])OOS(=O)(=O)[O-],7727-54-0,train,FALSE,2.95
430,CCC12COCN1COC2,7747-35-5,train,FALSE,3.1
431,O=[N+]([O-])[O-],7757-79-1,train,FALSE,0.53
432,O=S([O-])[O-],7757-83-7,train,FALSE,9.63
433,O=P([O-])([O-])O,7757-86-0,train,FALSE,2.6
434,O=P([O-])([O-])[O-],7757-87-1,train,FALSE,2.6
435,O=P([O-])([O-])O,7757-93-9,train,FALSE,2.6
436,CCCCCCC(=O)O,111-14-8,train,FALSE,4.6
437,O=P([O-])([O-])O,7758-11-4,train,FALSE,0.83
438,O=P([O-])([O-])OP(=O)([O-])[O-],7758-16-9,train,FALSE,0.58
439,O=P([O-])(O)O,7758-23-8,train,FALSE,2.6
440,O=P([O-])([O-])[O-],7758-87-4,train,FALSE,2.6
441,O=[N+]([O-])[O-],7761-88-8,train,FALSE,0.0
442,O=B[O-],7775-19-1,train,FALSE,2.04
443,O=S(=O)([O-])OOS(=O)(=O)[O-],7775-27-1,train,FALSE,5.1
444,O=S(=O)([O-])[O-],7778-18-9,train,FALSE,3.26
445,O=[As](O)(O)O,7778-39-4,train,FALSE,1.0
446,O=C(O)CCSCCC(=O)O,111-17-1,train,FALSE,5.13
447,O=[Cr](=O)([O-])O[Cr](=O)(=O)[O-],7778-50-9,train,FALSE,0.09
448,O=P([O-])([O-])[O-],7778-53-2,train,FALSE,0.83
449,O=[Mo](=O)(O)O,7782-91-4,train,FALSE,3.92
450,O=P([O-])([O-])O,7783-28-0,train,FALSE,5.0
451,O=P([O-])([O-])[O-],7784-30-7,train,FALSE,5.1
452,O=S(=O)([O-])[O-],7785-87-7,train,FALSE,4.45
453,O=S(=O)([O-])[O-],7786-81-4,train,FALSE,2.48
454,CN(C)CCCCCCN(C)C,111-18-2,train,FALSE,0.41
455,O=[Cr](=O)([O-])[O-],7789-06-2,train,FALSE,0.27
456,O=[Mo](=O)([O-])[O-],7789-82-4,train,FALSE,5.1
457,O=[N+]([O-])[O-],7790-69-4,train,FALSE,5.93
458,CCO[Si](OCC)(OCC)OCC,78-10-4,train,FALSE,13.4
459,CCOP(=O)(OCC)OCC,78-40-0,train,FALSE,8.82
460,CCCCOCCOP(=O)(OCCOCCCC)OCCOCCCC,78-51-3,train,FALSE,6.4
461,CC(O)CN,78-96-6,train,FALSE,3.46
462,O=CCCCC=O,111-30-8,train,FALSE,0.3
463,CC(=O)C=O,78-98-8,train,FALSE,13.6
464,O=[V](=O)O,7803-55-6,train,FALSE,2.52
465,O=C([O-])c1ccccc1C(=O)O[O-],78948-87-5,train,FALSE,1.72
466,O=C(O)CCl,79-11-8,train,FALSE,1.27
467,O=C(O)CO,79-14-1,train,FALSE,4.4
468,CC(=O)OO,79-21-0,train,FALSE,1.17
469,C[C@H](O)C(=O)O,79-33-4,train,FALSE,7.94
470,CC(=O)C(N=Nc1cc(C(=O)Nc2cc(C(F)(F)F)ccc2Oc2ccc(Cl)cc2)ccc1Cl)C(=O)Nc1cc(Cl)c(NC(=O)C(N=Nc2cc(C(=O)Nc3cc(C(F)(F)F)ccc3Oc3ccc(Cl)cc3)ccc2Cl)C(C)=O)cc1C,79953-85-8,train,FALSE,1.7
471,CCCC(C)C1OCC(C)(CCC)CO1,80480-24-6,CCCC(C)C1OCC(C)(CCC)CO1,TRUE,0.75
472,CC(=O)c1c(C)c([N+](=O)[O-])c(C(C)(C)C)c([N+](=O)[O-])c1C,81-14-1,train,FALSE,2.99
473,C=CCCCCCCCCC(=O)OC,111-81-9,train,FALSE,3.76
474,O=C1NC(=O)c2ccc3c4ccc5c6c(ccc(c7ccc1c2c73)c64)C(=O)NC5=O,81-33-4,train,FALSE,0.41
475,O=c1c2ccccc2c(=O)c2c1ccc1[nH]c3c(ccc4c(=O)c5ccccc5c(=O)c43)[nH]c12,81-77-6,train,FALSE,5.5
476,CC(O)C(=O)[O-],814-80-2,train,FALSE,7.94
477,CCNc1nc(NC(C)C)nc(SC)n1,834-12-8,train,FALSE,2.22
478,O=C(Nc1ccc(S(=O)(=O)[O-])c2c1C(=O)/C(=N/Nc1ccc3c(CNc4nc(F)nc(F)c4Cl)cccc3c1S(=O)(=O)[O-])C(S(=O)(=O)[O-])=C2)c1ccccc1,83400-11-7,train,FALSE,1.93
479,COC(=O)c1ccc2cc(C(=O)OC)ccc2c1,840-65-3,train,FALSE,2.15
480,O=C1NC(c2ccc(Cl)cc2)=C2C(=O)NC(c3ccc(Cl)cc3)=C12,84632-65-5,train,FALSE,2.25
481,O=C1OC(=O)c2ccccc21,85-44-9,O=C1OC(=O)c2ccccc21,TRUE,2.14
482,C=C(Br)C(=O)Nc1ccc(N=Nc2c(N)ccc3cc(S(=O)(=O)[O-])ccc23)c(S(=O)(=O)c2ccc(C)c(S(=O)(=O)[O-])c2)c1,85187-33-3,C=C(Br)C(=O)Nc1ccc(N=Nc2c(N)ccc3cc(S(=O)(=O)[O-])ccc23)c(S(=O)(=O)c2ccc(C)c(S(=O)(=O)[O-])c2)c1,TRUE,0.42
483,C[C@H](O)C(=O)[O-],85895-78-9,train,FALSE,7.94
484,CCCCCCCCN,111-86-4,train,FALSE,1.6
485,O=c1n(Cl)c(=O)n(Cl)c(=O)n1Cl,87-90-1,train,FALSE,5.25
486,CN1CCCC1=O,872-50-4,train,FALSE,5.1
487,O=Cc1ccncc1,872-85-5,train,FALSE,5.14
488,CC1CC(=O)CC(C)(C)C1,873-94-9,train,FALSE,14.2
489,C=CN1CCCC1=O,88-12-0,train,FALSE,3.09
490,Clc1ccccc1C(Cl)Cl,88-66-4,train,FALSE,7.3
491,NC(=O)c1ccccc1N,88-68-6,train,FALSE,5.4
492,Nc1ccccc1[N+](=O)[O-],88-74-4,train,FALSE,2.53
493,O=C(O)c1ccccc1C(=O)O,88-99-3,train,FALSE,5.06
494,CC(C)[C@@H]1CC[C@@H](C)C[C@H]1O,89-78-1,CC(C)[C@@H]1CC[C@@H](C)C[C@H]1O,TRUE,5.29
495,NC(=O)[O-],1111-78-0,train,FALSE,4.74
496,COc1ccccc1N,90-04-0,train,FALSE,3.87
497,CC(=O)OC(c1ccccc1)C(Cl)(Cl)Cl,90-17-5,train,FALSE,5.0
498,Oc1ccccc1-c1ccccc1,90-43-7,Oc1ccccc1-c1ccccc1,TRUE,0.95
499,CN[C@@H](C)[C@@H](O)c1ccccc1,90-82-4,train,FALSE,2.0
500,c1ccc(Nc2ccccc2)cc1,9003-80-9,train,FALSE,5.0
501,CCCCCCCCCCCC(=O)OCCOCC(OCCO)C1OCC(OCCO)C1OCCO,9005-64-5,train,FALSE,5.1
502,CCOC(=O)c1ccccc1S(=O)(=O)NC(=O)Nc1nc(Cl)cc(OC)n1,90982-32-4,CCOC(=O)c1ccccc1S(=O)(=O)NC(=O)Nc1nc(Cl)cc(OC)n1,TRUE,5.18
503,c1ccc2c(c1)CCNC2,91-21-4,c1ccc2c(c1)CCNC2,TRUE,1.93
504,CCOc1ccc2c(c1)C(C)=CC(C)(C)N2,91-53-2,CCOc1ccc2c(c1)C(C)=CC(C)(C)N2,TRUE,1.97
505,Nc1nc(N)nc(-c2ccccc2)n1,91-76-9,train,FALSE,2.93
506,O=[W](=O)([O-])[O-],11120-25-5,train,FALSE,5.35
507,Cc1cc(-c2ccc(N=C=O)c(C)c2)ccc1N=C=O,91-97-4,Cc1cc(-c2ccc(N=C=O)c(C)c2)ccc1N=C=O,TRUE,1.59
508,CC(O)S(=O)(=O)[O-],918-04-7,train,FALSE,5.8
509,CC(C)(C)OOC(=O)C(C)(C)C,927-07-1,train,FALSE,7.05
510,CCCC[NH+](C)C,927-62-8,train,FALSE,2.0
511,C=CCc1ccc(OC)c(OC)c1,93-15-2,train,FALSE,4.8
512,COc1ccc(CC#N)cc1OC,93-17-4,train,FALSE,5.5
513,O=C1OCC(CO)O1,931-40-8,train,FALSE,5.6
514,CCCCCCCCCCOC(=O)C(CC)CCCC,93777-46-9,train,FALSE,10.55
515,C/C(=C\C#N)CCc1ccccc1,93893-89-1,train,FALSE,5.31
516,CCCCC(CC)C(=O)OCCOCCOCCOC(=O)C(CC)CCCC,94-28-0,train,FALSE,2.0
517,O=[N+]([O-])[O-],10042-76-9,train,FALSE,4.5
518,O=C1C=CC(=O)N1c1ccccc1,941-69-5,train,FALSE,0.03
519,CCCCC(CC)C[O-],94233-27-9,train,FALSE,0.89
520,CCCCNP(N)(N)=S,94317-64-3,train,FALSE,2.17
521,O=C(c1ccccc1)C1(O)CCCCC1,947-19-3,train,FALSE,1.0
522,c1ccc2scnc2c1,95-16-9,train,FALSE,5.0
523,Nc1ccc(Cl)c(Cl)c1,95-76-1,train,FALSE,0.63
524,O=C(CO)CO,96-26-4,train,FALSE,5.0
525,OCC(O)CS,96-27-5,train,FALSE,1.28
526,O=C1CCCO1,96-48-0,O=C1CCCO1,TRUE,5.1
527,O=Cc1ccco1,98-01-1,train,FALSE,0.54
528,FC(F)(F)c1cccc(Cl)c1,98-15-7,train,FALSE,0.02
529,FC(F)(F)c1ccc(Cl)cc1,98-56-6,train,FALSE,32.03
530,CC1COc2ccccc2N1C(=O)C(Cl)Cl,98730-04-2,train,FALSE,2.0
531,Cc1ccc([N+](=O)[O-])cc1,99-99-0,train,FALSE,0.85
532,CCCCCCCCSc1nc(Nc2cc(C(C)(C)C)c(O)c(C(C)(C)C)c2)nc(SCCCCCCCC)n1,991-84-4,CCCCCCCCSc1nc(Nc2cc(C(C)(C)C)c(O)c(C(C)(C)C)c2)nc(SCCCCCCCC)n1,TRUE,1.0
533,CCCCCC(C)OC(=O)COc1ccc(Cl)c2cccnc12,99607-70-2,train,FALSE,0.94
534,O=BOO,11138-47-9,train,FALSE,1.17
535,CO[Si](CC(C)C)(OC)C(C)C,111439-76-0,train,FALSE,4.0
536,CCCCCCC(O)CO,1117-86-8,train,FALSE,7.02
537,COC(=O)CCCC(=O)OC,1119-40-0,train,FALSE,11.0
538,CCCCCCCCCCCCO,112-53-8,train,FALSE,71.0
539,CCCCCCCCCCCCCCCCCCCC,112-95-8,train,FALSE,5.99
540,O=Cc1ccccn1,1121-60-4,train,FALSE,1.19
541,CCCCC(CC)CN1C(=O)C2C3C=CC(C3)C2C1=O,113-48-4,train,FALSE,1.95
542,OB(O)O,10043-35-3,train,FALSE,2.03
543,OCC(CO)(CO)CO,115-77-5,train,FALSE,5.15
544,CCCCCCCCCCCCCCCCCC(=O)OCC(COC(=O)CCCCCCCCCCCCCCCCC)(COC(=O)CCCCCCCCCCCCCCCCC)COC(=O)CCCCCCCCCCCCCCCCC,115-83-3,train,FALSE,5.1
545,O=c1[nH]c2ccccc2c(=O)o1,118-48-9,O=c1[nH]c2ccccc2c(=O)o1,TRUE,5.3
546,O=C1C(Cl)=C(Cl)C(=O)C(Cl)=C1Cl,118-75-2,O=C1C(Cl)=C(Cl)C(=O)C(Cl)=C1Cl,TRUE,2.49
547,Oc1c(Br)cc(Br)cc1Br,118-79-6,train,FALSE,50.0
548,Cc1c([N+](=O)[O-])cc([N+](=O)[O-])cc1[N+](=O)[O-],118-96-7,train,FALSE,1.01
549,COC(=O)c1ccccc1O,119-36-8,train,FALSE,0.9
550,COc1ccc(CCN)cc1OC,120-20-7,train,FALSE,5.5
551,Oc1ccc(Cl)cc1Cc1ccccc1,120-32-1,Oc1ccc(Cl)cc1Cc1ccccc1,TRUE,2.51
552,CN1CCCC1,120-94-5,train,FALSE,4.5
553,[O-][Cl+][O-],10049-04-4,train,FALSE,0.04
554,O=S(=O)([O-])[O-],12004-14-7,train,FALSE,3.26
555,[O-]B([O-])[O-],12007-92-0,train,FALSE,2.04
556,S=S=[Ni][Ni][Ni],12035-72-2,train,FALSE,1.14
557,O=[Sn]([O-])[O-],12036-37-2,train,FALSE,4.35
558,O=C(Cl)c1ccc2c(c1)C(=O)OC2=O,1204-28-0,O=C(Cl)c1ccc2c(c1)C(=O)OC2=O,TRUE,2.33
559,[OH2-].[OH2-].[Ni++],12054-48-7,train,TRUE,5.15
560,c1ccc(OP(Oc2ccccc2)Oc2ccccc2)cc1,101-02-0,train,FALSE,6.7
561,[C-]#[W],12070-12-1,train,FALSE,5.3
562,Cc1ccc([N+](=O)[O-])cc1Cl,121-86-8,train,FALSE,0.53
563,O=C(O)c1cccc(C(=O)O)c1,121-91-5,train,FALSE,11.37
564,[NH4+],12124-97-9,train,FALSE,0.1
565,[SiH2]=[Mo]=[SiH2],12136-78-6,train,FALSE,1.93
566,S=[W]=S,12138-09-9,train,FALSE,5.25
567,O=C(NC(=O)c1c(F)cccc1F)Nc1cc(Cl)c(OC(F)(F)C(F)C(F)(F)F)c(Cl)c1F,121451-02-3,O=C(NC(=O)c1c(F)cccc1F)Nc1cc(Cl)c(OC(F)(F)C(F)C(F)(F)F)c(Cl)c1F,TRUE,5.24
568,COP(=S)(OC)Oc1ccc([N+](=O)[O-])c(C)c1,122-14-5,train,FALSE,2.21
569,[N-]=[N+]=O,10024-97-2,train,FALSE,500000.0
570,C=CC=O,107-02-8,train,FALSE,16.75
571,FC(F)CC(F)(F)F,460-73-1,train,FALSE,116000.0
572,CC[Si](CC)CC,617-86-7,train,FALSE,1774.0
573,CCOCC1CCCO1,62435-71-6,train,FALSE,13.7
574,[C-]#[O+],630-08-0,train,FALSE,1300.0
575,CCl,74-87-3,train,FALSE,21.8
576,CN,74-89-5,train,FALSE,2.1
577,CS,74-93-1,train,FALSE,675.0
578,CCCl,75-00-3,train,FALSE,19000.0
579,CCN,75-04-7,train,FALSE,10.17
580,C1CO1,75-21-8,train,FALSE,1500.0
581,COC,115-10-6,train,FALSE,164000.0
582,O=C(Cl)Cl,75-44-5,train,FALSE,0.09
583,FC(F)F,75-46-7,train,FALSE,663000.0
584,FC(F)(F)F,75-73-0,train,FALSE,50000.0
585,FC(F)(F)C(F)(F)F,76-16-4,train,FALSE,500000.0
586,FF,7782-41-4,train,FALSE,185.0
587,ClCl,7782-50-5,train,FALSE,2.26
588,FN(F)F,7783-54-2,train,FALSE,5312.5
589,C[Si](C)C,993-07-7,train,FALSE,1774.0
590,FC(F)=C(F)F,116-14-3,train,FALSE,28500.0
591,FC(F)=C(F)C(F)(F)F,116-15-4,train,FALSE,3060.0
592,FC(F)=C(F)OC(F)(F)F,1187-93-5,train,FALSE,10000.0
593,CN(C)S(=O)(=O)Cl,13360-57-1,train,FALSE,1.09
594,O=C(OC1CCCCC1)c1ccccc1O,25485-88-5,train,FALSE,0.3
595,O=C(Cl)C(F)(F)F,354-32-5,train,FALSE,78.0
596,FC(C(F)(F)F)C(F)(F)F,431-89-0,train,FALSE,788696.0
597,NCc1ccccc1,100-46-9,train,FALSE,0.53
598,COc1ccccc1,100-66-3,train,FALSE,6.51
599,C=C(C)C(=O)OC1CCCCC1,101-43-9,C=C(C)C(=O)OC1CCCCC1,TRUE,55.0
600,N12[Si]34N5[Si]16N3[Si]25N46,12033-89-5,train,FALSE,5.07
601,O=S(=O)(O)O,12036-76-9,train,FALSE,5.05
602,O=S(=O)([O-])[O-],12065-90-6,train,FALSE,5.05
603,CCN(CC)CC,121-44-8,train,FALSE,3496.0
604,C[c-]1cccc1,12108-13-3,train,FALSE,0.16
605,O=S(=O)([O-])[O-],12202-17-4,train,FALSE,5.05
606,CCCC(C)C=O,123-15-9,train,FALSE,8.4
607,CCC=O,123-38-6,train,FALSE,4.6
608,CC(=O)CC(C)=O,123-54-6,train,FALSE,1224.0
609,CCCC=O,123-72-8,train,FALSE,5.46
610,CCCCN(CCCC)CCCC,102-82-9,train,FALSE,0.5
611,C1CCNC1,123-75-1,train,FALSE,11.67
612,CC1=NNC(=O)N(/N=C/c2cccnc2)C1,123312-89-0,train,FALSE,1.8
613,CCCCCCCCCC,124-18-5,train,FALSE,6.1
614,CS(=O)(=O)Cl,124-63-0,train,FALSE,19.37
615,C=C[Si](C)(Cl)Cl,124-70-9,train,FALSE,2021.0
616,CCCCC(CC)COP(=O)(Oc1ccccc1)Oc1ccccc1,1241-94-7,CCCCC(CC)COP(=O)(Oc1ccccc1)Oc1ccccc1,TRUE,2.1
617,CCCCCCCCCCCCCCCCCC(=O)O[Pb]O[Pb]O[Pb]OC(=O)CCCCCCCCCCCCCCCCC,12578-12-0,train,FALSE,5.05
618,CC(=O)[O-],127-08-2,train,FALSE,6.95
619,CC(=O)[O-],127-09-3,train,FALSE,5.81
620,CCCCCC[C@@H](O)C/C=C\CCCCCCCC(=O)[O-],13040-19-2,train,FALSE,5.7
621,O=C=Nc1ccccc1,103-71-9,train,FALSE,0.02
622,O=[Zn],1314-13-2,train,FALSE,5.7
623,O1[Pb]O[Pb]2O[Pb]1O2,1314-41-6,O1[Pb]O[Pb]2O[Pb]1O2,TRUE,5.05
624,O=[Pb],1317-36-8,train,FALSE,5.05
625,[OH2--].[Cu+].[Cu+],1317-39-1,train,TRUE,200.0
626,COC(C(F)(F)F)C(F)(F)F,13171-18-1,train,FALSE,12434.41
627,CC(CC(C)(C)C)CC(C)(C)C,13475-82-6,train,FALSE,4.95
628,O[Si](O)(O)O,13597-65-4,train,FALSE,5.7
629,CCCCC(CC)CN,104-75-6,train,FALSE,1.55
630,CC(CCl)OP(=O)(OC(C)CCl)OC(C)CCl,13674-84-5,train,FALSE,7.0
631,FC(C(F)C(F)(F)C(F)(F)F)C(F)(F)F,138495-42-8,train,FALSE,114.43
632,[SiH3]N([SiH3])[SiH3],13862-16-3,train,FALSE,99.0
633,CC(C)C(C)(N)C#N,13893-53-3,train,FALSE,24.56
634,CCC(C)N,13952-84-6,train,FALSE,11.2
635,C=CC(=O)OCC,140-88-5,train,FALSE,19.35
636,CCOC(=S)[S-],140-90-9,train,FALSE,7.69
637,C=CC(=O)OCCCC,141-32-2,train,FALSE,10.5
638,NCCO,141-43-5,train,FALSE,1.3
639,CCC[Si](Cl)(Cl)Cl,141-57-1,train,FALSE,1352.0
640,O=Cc1ccc(Cl)cc1,104-88-1,train,FALSE,0.29
641,CCCC(=O)Cl,141-75-3,train,FALSE,3.6
642,C1=CCCC1,142-29-0,train,FALSE,22.9
643,CC(=O)[O-],142-72-3,train,FALSE,5.04
644,CCCCCCC,142-82-5,train,FALSE,51.4
645,CCCCOCCCC,142-96-1,train,FALSE,21.6
646,C=C(Cl)CN=C=S,14214-31-4,train,FALSE,0.15
647,CCCCOCCOCCOCCO,143-22-6,train,FALSE,2.4
648,O=C(O)CC(O)(CC(=O)O)C(=O)O,144-29-6,train,FALSE,0.01
649,Cc1ccn[nH]1,1453-58-3,train,FALSE,28.0
650,C1CN1,151-56-4,C1CN1,TRUE,0.1
651,CCc1ccc(C)nc1,104-90-5,train,FALSE,2.67
652,C=C(Br)C(F)(F)F,1514-82-5,train,FALSE,11726.0
653,O=[N+]([O-])c1cc([N+](=O)[O-])c([O-])c([N+](=O)[O-])c1[O-],15245-44-0,train,FALSE,5.05
654,CO[Si](CCCN=C=O)(OC)OC,15396-00-6,train,FALSE,15.0
655,Cl/C=C/Cl,156-60-5,train,FALSE,24100.0
656,C=CC(C#N)OC(C)=O,15667-63-7,train,FALSE,7.87
657,CCOCC(C)O,1569-02-4,train,FALSE,9.59
658,SC1CCCCC1,1569-69-3,SC1CCCCC1,TRUE,5.6
659,O=C(Cl)CCCCCl,1575-61-7,train,FALSE,0.32
660,O=S(=O)([O-])c1ccc(N=Nc2c([O-])ccc3cc(S(=O)(=O)[O-])ccc23)cc1,15790-07-5,O=S(=O)([O-])c1ccc(N=Nc2c([O-])ccc3cc(S(=O)(=O)[O-])ccc23)cc1,TRUE,1705.88
661,CCO[Si](CC[Si](OCC)(OCC)OCC)(OCC)OCC,16068-37-4,train,FALSE,26.0
662,COc1ccc(C)cc1,104-93-8,train,FALSE,6.1
663,CC(C)(C)N=C=O,1609-86-5,train,FALSE,1.59
664,CCCCOC(=O)CCS,16215-21-7,train,FALSE,216.06
665,C/C=C1\CC2C=CC1C2,16219-75-3,train,FALSE,2866.0
666,FC(F)=C(F)OC(F)(F)C(F)(F)C(F)(F)F,1623-05-8,train,FALSE,58.7
667,COC(C)(C)C,1634-04-4,train,FALSE,85.0
668,CCOP(OCC)c1ccccc1,1638-86-4,train,FALSE,0.32
669,C=CC(=O)OC(C)(C)C,1663-39-4,train,FALSE,7.02
670,Cc1ccc(S(C)(=O)=O)cc1[N+](=O)[O-],1671-49-4,train,FALSE,5.41
671,C=C[Si](C)(OC)OC,16753-62-1,train,FALSE,5.0
672,CO[Si](C)OC,16881-77-9,train,FALSE,4.6
673,CCC1=NCCO1,10431-98-8,CCC1=NCCO1,TRUE,327.75
674,CN(C)CCOCCO,1704-62-7,train,FALSE,70.0
675,C1=CCOC1,1708-29-8,train,FALSE,6.0
676,COC(=O)C(C)O,17392-83-5,train,FALSE,5.4
677,CSCCC(O)C#N,17773-41-0,train,FALSE,0.65
678,CC(=O)C(O)c1ccccc1,1798-60-3,train,FALSE,0.25
679,C=CC(F)(F)C(F)(F)C(F)(F)C(F)(F)C(F)(F)C(F)(F)C=C,1800-91-5,train,FALSE,1761.0
680,CO[Si](CC(C)C)(OC)OC,18395-30-7,train,FALSE,1525.0
681,CO[Si](CC[Si](OC)(OC)OC)(OC)OC,18406-41-2,train,FALSE,2.4
682,C[Si](O[Si](C)(C)C)O[Si](C)(C)C,1873-88-7,train,FALSE,22.6
683,N#Cc1c(F)cccc1F,1897-52-5,train,FALSE,2.64
684,FC(F)=C(F)OC(F)(F)C(F)(F)F,10493-43-3,train,FALSE,21000.0
685,C#CC(C)O,2028-63-9,train,FALSE,0.53
686,CCO[Si](C)OCC,2031-62-1,train,FALSE,2378.7
687,O=C1c2c(Cl)c(Cl)c(Cl)c(Cl)c2C2=Nc3cccc4cccc(c34)N12,20749-68-2,train,FALSE,2.87
688,C=CC(=O)OCCCCCCCCCCCC,2156-97-0,train,FALSE,0.69
689,C=COC1CCCCC1,2182-55-0,C=COC1CCCCC1,TRUE,22.01
690,Cc1ccccc1OCC1CO1,2210-79-9,train,FALSE,6.1
691,C=CN1CCCCCC1=O,2235-00-9,C=CN1CCCCCC1=O,TRUE,1.6
692,CC(N)CCc1ccccc1,22374-89-6,train,FALSE,5.0
693,C=C(C)[C@H]1CC=C(C)C(=O)C1,2244-16-8,train,FALSE,5.66
694,O=C(CCS)OCCOC(=O)CCS,22504-50-3,train,FALSE,216.06
695,C=COC(=O)CC,105-38-4,train,FALSE,10.2
696,CO[Si](C)(CC(C)CNCCN)OC,23410-40-4,train,FALSE,0.6
697,FC(F)(F)OC(F)(Cl)C(F)(F)Cl,2356-53-8,train,FALSE,21.98
698,CC[O-],2414-98-4,train,FALSE,60000.0
699,CC/C(C)=C/CCC(C)=O,24199-46-0,train,FALSE,10.47
700,Nc1c(Cl)cc(C(F)(F)F)cc1Cl,24279-39-8,train,FALSE,1.8
701,C=C(Cl)C(Cl)CCl,2431-50-7,train,FALSE,0.62
702,C=CC(=O)OCCN(C)C,2439-35-2,train,FALSE,0.22
703,CCCCC(CC)COC(=O)Cl,24468-13-1,train,FALSE,0.26
704,CCO[Si](CCCN=C=O)(OCC)OCC,24801-88-5,train,FALSE,10.5
705,CO[Si](OC)OC,2487-90-3,train,FALSE,61.0
706,ClSSCl,10025-67-9,train,FALSE,2.5
707,COC(=O)CC(C)=O,105-45-3,train,FALSE,16.5
708,C=CCC,25167-67-3,train,FALSE,10000.0
709,C/C=C/CCC,25264-93-1,train,FALSE,8050.0
710,CCCCCCC(=O)Cl,2528-61-2,train,FALSE,0.4
711,CCC(C)OC(=S)S,25306-75-6,train,FALSE,7.69
712,CC(O)COC(C)CO,25322-69-4,train,FALSE,0.17
713,C/C=C/CCCCCCC,25339-53-1,train,FALSE,8050.0
714,CCCCCCC(C)(C)S,25360-10-5,train,FALSE,7.04
715,C=CCCC,25377-72-4,train,FALSE,19.6
716,CC/C=C/CCCC,25377-83-7,train,FALSE,8050.0
717,C=C[Si]1(C)O[Si](C)(C=C)O[Si](C)(C=C)O[Si](C)(C=C)O1,2554-06-5,train,FALSE,1.32
718,CN(C(=S)SSC(=S)N(C)c1ccccc1)c1ccccc1,10591-84-1,train,FALSE,5.06
719,CC/C=C\C#N,25899-50-7,train,FALSE,850.0
720,C=C[Si](C)(C)O[Si](C)(C)C=C,2627-95-4,train,FALSE,246.0
721,Cc1ccc(N=C=O)cc1N=C=O,26471-62-5,train,FALSE,66.0
722,CCCCCCCCn1sccc1=O,26530-20-1,train,FALSE,0.27
723,CCCCCC(C)C,26635-64-3,train,FALSE,33.52
724,CC(C)(C)c1ccc(O[P@]2OCC3(CO[P@@](Oc4ccc(C(C)(C)C)cc4C(C)(C)C)OC3)CO2)c(C(C)(C)C)c1,26741-53-7,CC(C)(C)c1ccc(O[P@]2OCC3(CO[P@@](Oc4ccc(C(C)(C)C)cc4C(C)(C)C)OC3)CO2)c(C(C)(C)C)c1,TRUE,2.0
725,CC(C)(C)CCCCCC(=O)OOC(C)(C)C,26748-41-4,train,FALSE,48.23
726,CC(C)(C)CCCCCC(=O)OOC(C)(C)c1ccccc1,26748-47-0,train,FALSE,20.4
727,CCN1CCCC1=O,2687-91-4,train,FALSE,5.1
728,CCC(C)(CCC(C)C)C(=O)O,26896-20-8,train,FALSE,3.0
729,Clc1ccc(Cl)cc1,106-46-7,train,FALSE,5.07
730,C=CCCCCCCCCCCCCCC,26952-14-7,train,FALSE,8050.0
731,C=CCCCCCCCCCCCCCCCC,27070-58-2,train,FALSE,8050.0
732,CC(C)Cc1cc2ccccc2c(S(=O)(=O)[O-])c1CC(C)C,27213-90-7,train,FALSE,0.94
733,C/C=C/CCCCCC,27215-95-8,train,FALSE,8050.0
734,C=C[Si](OC)(OC)OC,2768-02-7,train,FALSE,2773.0
735,COC(=O)[C@H](C)O,27871-49-4,train,FALSE,5.4
736,c1cn[nH]c1,288-13-1,train,FALSE,0.37
737,O=C=Nc1cccc(Cl)c1,2909-38-8,train,FALSE,0.05
738,C#CC(C)(O)CCC=C(C)C,29171-20-8,train,FALSE,1.0
739,COC(=O)CCS,2935-90-2,train,FALSE,1.81
740,C=CC(=O)OCC(C)C,106-63-8,train,FALSE,10.5
741,CCCCCCCC[Si](OCC)(OCC)OCC,2943-75-1,train,FALSE,22.0
742,CCN(CC)CC#N,3010-02-4,train,FALSE,62.0
743,NN,302-01-2,train,FALSE,570.0
744,CN(C)CCN(C)CCN(C)C,3030-47-5,train,FALSE,290.0
745,CN(C)CCOCCN(C)C,3033-62-3,train,FALSE,2.2
746,C=CC1CC2C=CC1C2,3048-64-4,train,FALSE,2374.5
747,FC(F)(F)C(Cl)Cl,306-83-2,train,FALSE,28000.0
748,C=C(C)C(=O)OCCN=C=O,30674-80-7,train,FALSE,8.79
749,CCCC[O-],3085-30-1,train,FALSE,24.3
750,C=CSC(C)O,3090-56-0,train,FALSE,1.14
751,CCCBr,106-94-5,train,FALSE,35.0
752,C=CC(=O)OCCOC,3121-61-7,train,FALSE,2.7
753,CN(C)CCCO,3179-63-3,train,FALSE,0.09
754,Nc1ccccc1,32055-14-4,train,FALSE,0.46
755,CC1OC1C,3266-23-7,train,FALSE,5.2
756,C[Si](C)O[Si](C)C,3277-26-7,train,FALSE,5.8
757,O=C=Nc1cccc(C(F)(F)F)c1,329-01-1,train,FALSE,0.09
758,CC(C)COC(C)(C)C,33021-02-2,train,FALSE,68.27
759,O=C=Nc1ccccc1Cl,3320-83-0,train,FALSE,0.05
760,C[Si](Cl)(Cl)CC[Si](C)(Cl)Cl,3353-69-3,train,FALSE,1257.0
761,CCC(C)(C)OO,3425-61-4,train,FALSE,2.43
762,C=CCBr,106-95-6,train,FALSE,2.41
763,O=C1CCCN1CCO,3445-11-2,train,FALSE,0.01
764,CCCCN1CCCC1=O,3470-98-2,train,FALSE,5.1
765,O=C=Nc1ccc(OC(F)(F)F)cc1,35037-73-1,train,FALSE,0.02
766,C=C(C)C(=O)OCC(F)(F)F,352-87-4,train,FALSE,4.95
767,CCC(C)NCCO,35265-04-4,train,FALSE,0.76
768,CC(CC(=O)Cl)CC(C)(C)C,36727-29-4,train,FALSE,0.24
769,FC(F)(I)C(F)(F)C(F)(F)C(F)(F)I,375-50-8,train,FALSE,630.5
770,CCCCCCCCCCCCCCCCCCO[P@]1OCC2(CO[P@@](OCCCCCCCCCCCCCCCCCC)OC2)CO1,3806-34-6,CCCCCCCCCCCCCCCCCCO[P@]1OCC2(CO[P@@](OCCCCCCCCCCCCCCCCCC)OC2)CO1,TRUE,2.0
771,C=COCCCCOC=C,3891-33-6,train,FALSE,6.3
772,CC(C)(C)CCCCCC(=O)Cl,40292-82-8,train,FALSE,0.4
773,C=CCC,106-98-9,train,FALSE,10000.0
774,CC(CC#N)N1CC1,4078-19-7,CC(CC#N)N1CC1,TRUE,0.54
775,C#CCN(CC)CC,4079-68-9,train,FALSE,2.1
776,Cl[SiH2]Cl,4109-96-0,train,FALSE,314.0
777,C/C=C\C=O,4170-30-3,train,FALSE,928.0
778,OCC(F)(F)C(F)(F)F,422-05-9,train,FALSE,23.94
779,COC1CCC=CO1,4454-05-1,train,FALSE,6.1
780,C1=CC2C3CCC(C3)C2C1,4488-57-7,C1=CC2C3CCC(C3)C2C1,TRUE,212.91
781,CC(C#N)CCC#N,4553-62-2,train,FALSE,0.66
782,O=C(CCl)c1ccc(F)cc1,456-04-2,train,FALSE,0.04
783,Fc1ccc(Br)cc1,460-00-4,train,FALSE,18.0
784,C[Si](C)Cl,1066-35-9,train,FALSE,4478.0
785,CCOCOCC,462-95-3,train,FALSE,6643.0
786,O=C(Cl)CCCCl,4635-59-0,train,FALSE,0.65
787,COC(OC)[NH+](C)C,4637-24-5,train,FALSE,12.16
788,CC1(C)[C@H]2CC[C@@]1(C)C(=O)C2,464-49-3,CC1(C)[C@H]2CC[C@@]1(C)C(=O)C2,TRUE,0.5
789,CC1=CC(C)(C)CC(=O)C1,471-01-2,train,FALSE,7.0
790,CNC(C)C,4747-21-1,train,FALSE,8.53
791,C=O,50-00-0,train,FALSE,463.0
792,C1CCOCOC1,505-65-7,train,FALSE,20.8
793,CC1(C)C2CCC1(C)C(O)C2,507-70-0,train,FALSE,0.5
794,C=COC(=O)CCCCCC(C)(C)C,51000-52-3,train,FALSE,2.6
795,C[Si](C)(C)[O-],1066-40-6,train,FALSE,3151.0
796,O=C(CCl)c1ccc(F)cc1F,51336-94-8,train,FALSE,0.04
797,CCOCCOC(C)(C)C,51422-54-9,train,FALSE,10.5
798,FC(F)(F)c1ccc(Cl)nc1,52334-81-3,train,FALSE,19.0
799,Cc1ccc(N/N=C2\C(=O)C(C(=O)[O-])=Cc3ccccc32)c(S(=O)(=O)[O-])c1,5281-04-9,train,FALSE,1.51
800,Cc1ccco1,534-22-5,train,FALSE,852.9
801,CCCOC(=O)[C@H](C)O,53651-69-7,train,FALSE,5.4
802,CCCCl,540-54-5,train,FALSE,6.54
803,CC(C)CC(C)(C)C,540-84-1,train,FALSE,33.52
804,CCOC(=O)Cl,541-41-3,train,FALSE,0.87
805,Clc1cccc(Cl)c1,541-73-1,train,FALSE,17.6
806,CCC[Si](OC)(OC)OC,1067-25-0,train,FALSE,22.2
807,CC(=O)[O-],546-67-8,train,FALSE,5.05
808,CCOCC(C)OC(C)=O,54839-24-6,train,FALSE,6.99
809,CCCCCCCC[N+](C)(C)CCCCCCCC,5538-94-3,train,FALSE,10.0
810,CC(C)[O-],555-31-7,train,FALSE,10000.0
811,CN=C=S,556-61-6,train,FALSE,1.9
812,CCC(=O)[O-],557-28-8,train,FALSE,5.7
813,CC(=O)[O-],557-34-6,train,FALSE,6.49
814,ClC(Cl)(Cl)Cl,56-23-5,train,FALSE,7228.0
815,COC1CCCC1,5614-37-9,train,FALSE,21.5
816,CC(=O)C(C)C,563-80-4,train,FALSE,6372.67
817,Cl[Si](Cl)Cl,10025-78-2,train,FALSE,1.5
818,C/C=C/C,107-01-7,train,FALSE,10000.0
819,CC(C)C(=O)C(C)C,565-80-0,train,FALSE,2765.0
820,O=C1CCO1,57-57-8,train,FALSE,25.0
821,CCCCOC(=O)CC,590-01-2,train,FALSE,23.78
822,CC(C)CC=O,590-86-3,train,FALSE,42.7
823,Cc1cncc(C)c1,591-22-0,train,FALSE,1.16
824,C=CCCCC,592-41-6,train,FALSE,8050.0
825,CCN(C)C,598-56-1,train,FALSE,2.3
826,C=C(C)[C@@H]1CC=C(C)CC1,5989-54-8,train,FALSE,2421.0
827,CNN,60-34-4,train,FALSE,96.6
828,CCCCCCOC(=O)Cl,6092-54-2,train,FALSE,1.17
829,ClCCCl,107-06-2,train,FALSE,7.76
830,COC(=O)OC,616-38-6,train,FALSE,5.36
831,C[Si]1O[Si](C)O[Si](C)O[Si](C)O[Si](C)O1,6166-86-5,train,FALSE,4.9
832,Cc1cccc(N=C=O)c1,621-29-4,train,FALSE,0.03
833,O=S([O-])[O-],62229-08-7,train,FALSE,5.05
834,CCC/C(C)=N\O,623-40-5,train,FALSE,295.0
835,C#CCCl,624-65-7,train,FALSE,4.44
836,CSSC,624-92-0,train,FALSE,1310.0
837,O=C(Cl)CCCl,625-36-5,train,FALSE,0.9
838,CC(NC(=O)Cl)C1CCCCC1,62899-75-6,CC(NC(=O)Cl)C1CCCCC1,TRUE,0.88
839,CCCCCCCCCCCCC,629-50-5,train,FALSE,6.1
840,CCCN,107-10-8,train,FALSE,7.08
841,CCCCCCCCCCCCCC,629-59-4,train,FALSE,6.1
842,C=CCCCCCCCCCCCCCC,629-73-2,train,FALSE,8050.0
843,CCOC(C)(C)C,637-92-3,train,FALSE,5.88
844,CCCCC(=O)Cl,638-29-9,train,FALSE,2.07
845,CCO,64-17-5,train,FALSE,4730.89
846,O=CO,64-18-6,train,FALSE,7.85
847,CC(=O)O,64-19-7,train,FALSE,16000.0
848,C1CN(CCOCCN2CCOCC2)CCO1,6425-39-4,train,FALSE,0.21
849,C1COCO1,646-06-0,C1COCO1,TRUE,68.4
850,OCCC(F)(F)C(F)(F)C(F)(F)C(F)(F)C(F)(F)C(F)(F)F,647-42-7,train,FALSE,5.2
851,C=CCN,107-11-9,train,FALSE,177.0
852,C=C(C)[C@@H]1CC=C(C)C(=O)C1,6485-40-1,train,FALSE,5.66
853,O=C([O-])C(Cl)(Cl)Cl,650-51-1,train,FALSE,20.0
854,CC[NH2+]CC,660-68-4,train,FALSE,5700.0
855,C1=CCC(C2OCC3(CO2)COC(C2CC=CCC2)OC3)CC1,6600-31-3,train,FALSE,7.37
856,CC1C2CC(CC2C2CCC(O)CC2)C1(C)C,66068-84-6,train,FALSE,5.27
857,COc1cc(C=O)cc([N+](=O)[O-])c1O,6635-20-7,train,FALSE,0.04
858,CCCCCCCCCCO,66455-17-2,train,FALSE,0.24
859,CCC(C)C(=O)OC(C)C,66576-71-4,train,FALSE,5.97
860,CC(C)O,67-63-0,train,FALSE,10000.0
861,C#CC1CC1,6746-94-7,C#CC1CC1,TRUE,22.3
862,CCC#N,107-12-0,train,FALSE,3.3
863,CN(C)C=O,68-12-2,train,FALSE,5.85
864,CO[Si](OC)(OC)OC,681-84-5,train,FALSE,63.0
865,CCCCCCCCCCCCOC(=O)c1ccccc1,68411-27-8,train,FALSE,200.0
866,CO[Si](OC)(c1ccccc1)c1ccccc1,6843-66-9,train,FALSE,0.42
867,CCCCC,68476-55-1,train,FALSE,27.93
868,CC1CCCC(C)C1N,6850-63-1,CC1CCCC(C)C1N,TRUE,3.6
869,C=CCCCCCCC,68526-55-6,train,FALSE,8050.0
870,C=C/C=C/CC/C=C/CC,68526-56-7,train,FALSE,133.63
871,CC(C)CCCCCO,68526-83-0,train,FALSE,0.02
872,CC(C)CCCCCCO,68526-84-1,train,FALSE,21.7
873,C=CC#N,107-13-1,train,FALSE,943.33
874,CC(C)CCCCCCCO,68526-85-2,train,FALSE,95.3
875,CC(C)CCCCCCCCCCO,68526-86-3,train,FALSE,12.2
876,CC(C)CCCCCCCO,68551-08-6,train,FALSE,95.3
877,CCCCCCCC(C)C,68551-17-7,train,FALSE,4.97
878,CCCCCCCCCCC(C)C,68551-19-9,train,FALSE,4.95
879,CC(=O)[CH-]C(C)=O,68586-02-7,train,FALSE,1224.0
880,CCCCCCCOP(=S)([S-])OCCCCCCC,68649-42-3,train,FALSE,5.0
881,CCOC(=O)[C@H](C)O,687-47-8,train,FALSE,5.4
882,CCCCCCCCC(C)C#N,69300-15-8,train,FALSE,5.3
883,CCN(C(C)C)C(C)C,7087-68-5,train,FALSE,2.63
884,C=CCO,107-18-6,train,FALSE,92.06
885,c1ccccc1,71-43-2,C1CCCCC1,TRUE,6871.88
886,CN(C)c1ccc(C=CC2=[N+](C)c3ccccc3C2(C)C)cc1,71598-17-9,CN(C)c1ccc(C=CC2=[N+](C)c3ccccc3C2(C)C)cc1,TRUE,14.78
887,CC(O)C(N)C(=O)O,72-19-5,train,FALSE,5.15
888,CCCCCCCCCC(C)(C)SSc1n[nH]c(=S)s1,73984-93-7,train,FALSE,0.62
889,CCl,74-87-3,train,FALSE,6.3
890,ClCBr,74-97-5,train,FALSE,38.6
891,CC#N,75-05-8,train,FALSE,3587.0
892,C#CCO,107-19-7,train,FALSE,2.0
893,CC=O,75-07-0,train,FALSE,6662.02
894,CCS,75-08-1,train,FALSE,11.23
895,NC=O,75-12-7,train,FALSE,21.0
896,S=C=S,75-15-0,train,FALSE,10.35
897,CSC,75-18-3,train,FALSE,40250.0
898,C1CO1,75-21-8,train,FALSE,660.0
899,CC(C)Br,75-26-3,train,FALSE,9923.0
900,CC(C)Cl,75-29-6,train,FALSE,6.54
901,CC(C)N,75-31-0,train,FALSE,793.37
902,C=C(Cl)Cl,75-35-4,train,FALSE,86.89
903,O=CCCl,107-20-0,train,FALSE,0.65
904,O=C(Cl)Cl,75-44-5,train,FALSE,0.15
905,CN(C)C,75-50-3,train,FALSE,1754.3
906,C[Si](Cl)Cl,75-54-7,train,FALSE,1785.0
907,CC1CO1,75-56-9,train,FALSE,842.7
908,CC(C)(C)S,75-66-1,train,FALSE,26643.0
909,C[Si](C)(C)C,75-76-3,train,FALSE,21.3
910,C[Si](C)(C)Cl,75-77-4,train,FALSE,4257.0
911,C[Si](C)(Cl)Cl,75-78-5,train,FALSE,2092.0
912,C[Si](Cl)(Cl)Cl,75-79-6,train,FALSE,1365.0
913,CCC(C)(C)C,75-83-2,train,FALSE,73860.0
914,COC=O,107-31-3,train,FALSE,5.2
915,CCC(C)(C)O,75-85-4,train,FALSE,3000.0
916,OCC(F)(F)F,75-89-8,train,FALSE,784.0
917,C=C[Si](Cl)(Cl)Cl,75-94-5,train,FALSE,1121.0
918,CCOCCC(=O)OCC,763-69-9,train,FALSE,998.0
919,FB(F)F,7637-07-2,train,FALSE,1.21
920,CCN1CCCCC1,766-09-6,train,FALSE,2.42
921,[O-]Cl,7681-52-9,train,FALSE,10.5
922,C=C[Si](C)(C)N[Si](C)(C)C=C,7691-02-3,train,FALSE,1516.0
923,ClC1=C(Cl)C(Cl)(Cl)C(Cl)=C1Cl,77-47-4,train,FALSE,1.29
924,C1=CC2C3C=CC(C3)C2C1,77-73-6,C1=CC2C3C=CC(C3)C2C1,TRUE,212.91
925,Cl[Si](Cl)(Cl)Cl,10026-04-7,train,FALSE,1312.0
926,C[Si](C)(C)O[Si](C)(C)C,107-46-0,train,FALSE,15956.0
927,O=S(Cl)Cl,7719-09-7,train,FALSE,4.93
928,C[C](C)C,7756-94-7,train,FALSE,2102.09
929,C[Si](Cl)(Cl)CCCCl,7787-93-1,train,FALSE,1257.0
930,CC(C)CO,78-83-1,train,FALSE,18.18
931,CC(C)C=O,78-84-2,train,FALSE,23.6
932,C=C(C)C=O,78-85-3,train,FALSE,0.55
933,CCC(C)Cl,78-86-4,train,FALSE,6.76
934,CC(=O)CCl,78-95-5,train,FALSE,1.9
935,C[Si](C)(C)O[Si](C)(C)O[Si](C)(C)C,107-51-7,train,FALSE,22.6
936,CCC(=O)Cl,79-03-8,train,FALSE,0.2
937,CCC(=O)O,79-09-4,train,FALSE,19.7
938,C=CC(=O)O,79-10-7,train,FALSE,5.1
939,COC(=O)Cl,79-22-1,train,FALSE,0.06
940,CC(C)C(C)C,79-29-8,train,FALSE,73860.0
941,CC(C)C(=O)Cl,79-30-1,train,FALSE,0.82
942,O=C(Cl)C(=O)Cl,79-37-8,train,FALSE,771.65
943,C=C(C)C(=O)O,79-41-4,train,FALSE,7.1
944,O=CC1CCOC1,79710-86-4,train,FALSE,4.48
945,CC(C)(C)OC(=O)CCl,107-59-5,train,FALSE,4.74
946,O=C=NCCCCCCN=C=O,822-06-0,train,FALSE,0.12
947,CC(C)CC(C)OP(=S)([S-])OC(C)C,84605-29-8,train,FALSE,2.3
948,O=C1NC(c2ccc(Cl)cc2)=C2C(=O)NC(c3ccc(Cl)cc3)=C12,84632-65-5,train,FALSE,2250.0
949,CO[Si](CCCCCC[Si](OC)(OC)OC)(OC)OC,87135-01-1,train,FALSE,0.04
950,CC(C)[C@@]12CC[C@@](C)(O1)[C@@H](O)C2,87172-89-2,CC(C)[C@@]12CC[C@@](C)(O1)[C@@H](O)C2,TRUE,8.54
951,C=CCCCCCCCC,872-05-9,train,FALSE,8050.0
952,CCC(OCCCOC)OC(C)=O,88917-22-0,train,FALSE,5.7
953,O=Cc1ccccc1Cl,89-98-5,train,FALSE,1.2
954,C=CC(=O)[O-],9003-01-4,train,FALSE,5.1
955,C/C=C/C,9003-29-6,train,FALSE,2102.09
956,CC(C)CCN,107-85-7,train,FALSE,11.23
957,CCCCCCCC/C=C\CCCCCCCCOCCO,9004-98-2,train,FALSE,0.1
958,c1ccc2ccccc2c1,91-20-3,train,FALSE,39.05
959,CCO[Si](CCCN)(OCC)OCC,919-30-2,train,FALSE,10.5
960,CCOC(C)(C)CC,919-94-8,train,FALSE,23.2
961,CCCN(C)C,926-63-6,train,FALSE,4.5
962,NCCOCCO,929-06-6,train,FALSE,0.01
963,CCc1ncc(C)[nH]1,931-36-2,CCc1ncc(C)[nH]1,TRUE,0.03
964,CCCC/C=C/CC/C=C/CCCCCC,93762-80-2,train,FALSE,8050.0
965,CCC[Si]([O-])([O-])[O-],93857-00-2,train,FALSE,22.2
966,C=CCCCCCCCCCCCCCCCCCCCC,93924-10-8,train,FALSE,8050.0
967,CC(C)=CC=O,107-86-8,train,FALSE,6.5
968,C=CCCCCCCCCCCCCCCCCCCCCCCCC,93924-11-9,train,FALSE,8050.0
969,COC(=O)C1CCC(C(=O)OC)CC1,94-60-0,COC(=O)C1CCC(C(=O)OC)CC1,TRUE,2.91
970,Fc1cccc(C(F)(F)F)n1,94239-04-0,train,FALSE,2529.5
971,Nc1ccccc1Cl,95-51-2,train,FALSE,4.41
972,Cc1ccccc1N,95-53-4,train,FALSE,862.0
973,Oc1ccccc1Cl,95-57-8,train,FALSE,4.77
974,Cc1ccc(N)c(C)c1,95-68-1,train,FALSE,1.53
975,Cc1ccc(Cl)cc1Cl,95-73-8,train,FALSE,2.67
976,C=CCOC(=O)C(=C)C,96-05-9,train,FALSE,1.47
977,CCC(C)C=O,96-17-3,train,FALSE,50.5
978,CN(C)CCO,108-01-0,train,FALSE,1641.0
979,ClCC(Cl)CCl,96-18-4,train,FALSE,4.8
980,CC/C(C)=N/O,96-29-7,train,FALSE,4.83
981,C=CC(=O)OC,96-33-3,train,FALSE,10.83
982,COC(=O)CCl,96-34-4,train,FALSE,210.0
983,C=C(C)C(=O)OCC,97-63-2,train,FALSE,55.0
984,CC(C)COC(=O)C(C)C,97-85-8,train,FALSE,3.88
985,CCB(CC)CC,97-94-9,train,FALSE,738.0
986,OCC1CCCO1,97-99-4,train,FALSE,751.0
987,OCc1ccco1,98-00-0,train,FALSE,1.34
988,CN(C)C1CCCCC1,98-94-2,CN(C)C1CCCCC1,TRUE,1.7
989,CC(=O)CC(C)C,108-10-1,train,FALSE,9.9
990,Cc1cccc([N+](=O)[O-])c1,99-08-1,train,FALSE,0.88
991,CCC(C)(C)OC,994-05-8,train,FALSE,5.4
992,CC(C)N(C)C,996-35-0,train,FALSE,4.5
993,CCO[Si](OCC)OCC,998-30-1,train,FALSE,0.5
994,C[Si](C)(C)N[Si](C)(C)C,999-97-3,train,FALSE,1516.0
995,CC(C)CC(C)O,108-11-2,train,FALSE,16.0
996,CC(C)NC(C)C,108-18-9,train,FALSE,5.35
997,C=C(C)OC(C)=O,108-22-5,train,FALSE,22.0
998,NC1CCCC1,1003-03-8,train,FALSE,7.7
999,CC(C)CC(=O)CC(C)C,108-83-8,train,FALSE,14.5
1000,Cc1ccccc1,108-88-3,train,FALSE,27.93
1001,Clc1ccccc1,108-90-7,train,FALSE,20.4
1002,Cc1ccccn1,109-06-8,train,FALSE,9.4
1003,CC(C)C(=O)OOC(C)(C)C,109-13-7,train,FALSE,2.53
1004,CN(C)CCCN,109-55-7,train,FALSE,4.31
1005,C=CCCC,109-67-1,train,FALSE,10000.0
1006,CCCCN,109-73-9,train,FALSE,4.2
1007,COCOC,109-87-5,train,FALSE,57.0
1008,CCNCC,109-89-7,train,FALSE,5700.0
1009,CCCC1CO1,1003-14-1,train,FALSE,15.53
1010,CCOC=O,109-94-4,train,FALSE,28.95
1011,C1CCSC1,110-01-0,train,FALSE,6270.0
1012,CC(=O)OCC(C)C,110-19-0,train,FALSE,30.0
1013,CCCCCC(C)=O,110-43-0,train,FALSE,16.7
1014,CCCCCC,110-54-3,train,FALSE,73860.0
1015,CCCCC=O,110-62-3,train,FALSE,14.3
1016,COCCOC,110-71-4,train,FALSE,20.0
1017,CCOCCO,110-80-5,train,FALSE,7.36
1018,C1CCCCC1,110-82-7,C1CCCCC1,TRUE,32.88
1019,C1=COCCC1,110-87-2,train,FALSE,10.7
1020,Cl/C=C\CCl,10061-01-5,train,FALSE,707.0
1021,C1OCOCO1,110-88-3,train,FALSE,39.2
1022,C1CCNCC1,110-89-4,train,FALSE,4.8
1023,C[NH+](C)CCC[NH+](C)C,110-95-2,train,FALSE,502.66
1024,CCO[Si](OCC)(OCC)OCC,11099-06-2,train,FALSE,20.0
1025,CCCCCCN,111-26-2,train,FALSE,74.67
1026,C=COCCCC,111-34-2,train,FALSE,33.3
1027,CCCCN=C=O,111-36-4,train,FALSE,0.06
1028,ClCCOCCCl,111-44-4,train,FALSE,250.0
1029,CC(=O)OCCOC(C)=O,111-55-7,train,FALSE,0.85
1030,CCCCCCCC(=O)Cl,111-64-8,train,FALSE,0.63
1031,C[Si]1(C)N[Si](C)(C)N[Si](C)(C)N1,1009-93-4,train,FALSE,4.9
1032,CCCCCCCC,111-65-9,train,FALSE,24.88
1033,C=CCCCCCC,111-66-0,train,FALSE,8050.0
1034,CCCCCCCCC,111-84-2,train,FALSE,17.0
1035,CCCCCCCCS,111-88-6,train,FALSE,3.1
1036,CCCCNCCCC,111-92-2,train,FALSE,218.0
1037,COCCCOCCCOC,111109-77-4,train,FALSE,792.0
1038,CO[Si](C)(C)OC,1112-39-6,train,FALSE,4.7
1039,CCCCCCCCC(=O)O,112-05-0,train,FALSE,5.3
1040,CCCCCCCCCCCC,112-40-3,train,FALSE,6.1
1041,C=CCCCCCCCCCC,112-41-4,train,FALSE,8050.0
1042,C=CCOc1nc(OCC=C)nc(OCC=C)n1,101-37-1,train,FALSE,0.33
1043,CCCCCCCCCCCO,112-42-5,train,FALSE,0.7
1044,C=CCCCCCCCCCCCCCCCC,112-88-9,train,FALSE,8050.0
1045,CCCCCCCCCCC,1120-21-4,train,FALSE,6.1
1046,C=CCCCCCCCCCCCC,1120-36-1,train,FALSE,8050.0
1047,C=C(C)C,115-11-7,train,FALSE,10000.0
1048,C=CC(C)(C)O,115-18-4,train,FALSE,21.2
1049,C#CC(C)(C)O,115-19-5,train,FALSE,21.3
1050,CC[Si](Cl)(Cl)Cl,115-21-9,train,FALSE,1257.0
1051,CO[Si](C)(OC)OC,1185-55-3,train,FALSE,7605.0
1052,O=C1CCCC1,120-92-3,train,FALSE,19.5
